tool	sample	Weighted UniFrac error	Unweighted UniFrac error	L1 norm error	Completeness	Purity	F1 score	True positives	False positives	False negatives	Taxon counts	Jaccard index	Shannon diversity	Shannon equitability	Bray-Curtis distance	Weighted UniFrac error (unfiltered)	Unweighted UniFrac error (unfiltered)	L1 norm error (unfiltered)	Completeness (unfiltered)	Purity (unfiltered)	F1 score (unfiltered)	True positives (unfiltered)	False positives (unfiltered)	False negatives (unfiltered)	Taxon counts (unfiltered)	Jaccard index (unfiltered)	Shannon diversity (unfiltered)	Shannon equitability (unfiltered)	Bray-Curtis distance (unfiltered)
LSHVd	strmgCAMI2_long_read_sample_0	0.04434482367709501	0.7818729970200818	0.0	1.0	1.0	1.0	1.0	0.0	0.0	1.0	1.0	0.0	0.0	0.0	0.04434482367709501	0.7818729970200818	0.0	1.0	1.0	1.0	1.0	0.0	0.0	1.0	1.0	0.0	0.0	0.0
LSHVd	strmgCAMI2_long_read_sample_74	0.050640624425966896	0.6737227214979292	0.0	1.0	1.0	1.0	1.0	0.0	0.0	1.0	1.0	0.0	0.0	0.0	0.050640624425966896	0.6737227214979292	0.0	1.0	1.0	1.0	1.0	0.0	0.0	1.0	1.0	0.0	0.0	0.0
LSHVd	strmgCAMI2_long_read_sample_73	0.04009351220592127	0.8926036070084516	0.0	1.0	1.0	1.0	1.0	0.0	0.0	1.0	1.0	0.0	0.0	0.0	0.04009351220592127	0.8926036070084516	0.0	1.0	1.0	1.0	1.0	0.0	0.0	1.0	1.0	0.0	0.0	0.0
LSHVd	strmgCAMI2_long_read_sample_72	0.052490340822868214	0.7231582644214934	0.0	1.0	1.0	1.0	1.0	0.0	0.0	1.0	1.0	0.0	0.0	0.0	0.052490340822868214	0.7231582644214934	0.0	1.0	1.0	1.0	1.0	0.0	0.0	1.0	1.0	0.0	0.0	0.0
LSHVd	strmgCAMI2_long_read_sample_71	0.04107625508431152	0.8810125045896721	0.0	1.0	1.0	1.0	1.0	0.0	0.0	1.0	1.0	0.0	0.0	0.0	0.04107625508431152	0.8810125045896721	0.0	1.0	1.0	1.0	1.0	0.0	0.0	1.0	1.0	0.0	0.0	0.0
LSHVd	strmgCAMI2_long_read_sample_70	0.051861546555419615	0.6285293216919361	0.0	1.0	1.0	1.0	1.0	0.0	0.0	1.0	1.0	0.0	0.0	0.0	0.051861546555419615	0.6285293216919361	0.0	1.0	1.0	1.0	1.0	0.0	0.0	1.0	1.0	0.0	0.0	0.0
LSHVd	strmgCAMI2_long_read_sample_7	0.047408356666483735	0.7657808277850284	0.0	1.0	1.0	1.0	1.0	0.0	0.0	1.0	1.0	0.0	0.0	0.0	0.047408356666483735	0.7657808277850284	0.0	1.0	1.0	1.0	1.0	0.0	0.0	1.0	1.0	0.0	0.0	0.0
LSHVd	strmgCAMI2_long_read_sample_69	0.05478273524347783	0.7442669066607086	0.0	1.0	1.0	1.0	1.0	0.0	0.0	1.0	1.0	0.0	0.0	0.0	0.05478273524347783	0.7442669066607086	0.0	1.0	1.0	1.0	1.0	0.0	0.0	1.0	1.0	0.0	0.0	0.0
LSHVd	strmgCAMI2_long_read_sample_68	0.040328681268389316	0.8615959422855604	0.0	1.0	1.0	1.0	1.0	0.0	0.0	1.0	1.0	0.0	0.0	0.0	0.040328681268389316	0.8615959422855604	0.0	1.0	1.0	1.0	1.0	0.0	0.0	1.0	1.0	0.0	0.0	0.0
LSHVd	strmgCAMI2_long_read_sample_67	0.05083175553192047	0.6892134233865808	0.0	1.0	1.0	1.0	1.0	0.0	0.0	1.0	1.0	0.0	0.0	0.0	0.05083175553192047	0.6892134233865808	0.0	1.0	1.0	1.0	1.0	0.0	0.0	1.0	1.0	0.0	0.0	0.0
LSHVd	strmgCAMI2_long_read_sample_66	0.040797175231536906	0.6625939917484963	0.0	1.0	1.0	1.0	1.0	0.0	0.0	1.0	1.0	0.0	0.0	0.0	0.040797175231536906	0.6625939917484963	0.0	1.0	1.0	1.0	1.0	0.0	0.0	1.0	1.0	0.0	0.0	0.0
LSHVd	strmgCAMI2_long_read_sample_65	0.054683425114306995	0.6699180327645353	0.0	1.0	1.0	1.0	1.0	0.0	0.0	1.0	1.0	0.0	0.0	0.0	0.054683425114306995	0.6699180327645353	0.0	1.0	1.0	1.0	1.0	0.0	0.0	1.0	1.0	0.0	0.0	0.0
LSHVd	strmgCAMI2_long_read_sample_64	0.0477514457587298	0.7275803111795273	0.0	1.0	1.0	1.0	1.0	0.0	0.0	1.0	1.0	0.0	0.0	0.0	0.0477514457587298	0.7275803111795273	0.0	1.0	1.0	1.0	1.0	0.0	0.0	1.0	1.0	0.0	0.0	0.0
LSHVd	strmgCAMI2_long_read_sample_63	0.048310690287269316	0.8013313459889544	0.0	1.0	1.0	1.0	1.0	0.0	0.0	1.0	1.0	0.0	0.0	0.0	0.048310690287269316	0.8013313459889544	0.0	1.0	1.0	1.0	1.0	0.0	0.0	1.0	1.0	0.0	0.0	0.0
LSHVd	strmgCAMI2_long_read_sample_62	0.05046007946799259	0.5783931085507595	0.0	1.0	1.0	1.0	1.0	0.0	0.0	1.0	1.0	0.0	0.0	0.0	0.05046007946799259	0.5783931085507595	0.0	1.0	1.0	1.0	1.0	0.0	0.0	1.0	1.0	0.0	0.0	0.0
LSHVd	strmgCAMI2_long_read_sample_61	0.03720989809307491	0.7867123521486646	0.0	1.0	1.0	1.0	1.0	0.0	0.0	1.0	1.0	0.0	0.0	0.0	0.03720989809307491	0.7867123521486646	0.0	1.0	1.0	1.0	1.0	0.0	0.0	1.0	1.0	0.0	0.0	0.0
LSHVd	strmgCAMI2_long_read_sample_60	0.05395889844061432	0.5977319074839151	0.0	1.0	1.0	1.0	1.0	0.0	0.0	1.0	1.0	0.0	0.0	0.0	0.05395889844061432	0.5977319074839151	0.0	1.0	1.0	1.0	1.0	0.0	0.0	1.0	1.0	0.0	0.0	0.0
LSHVd	strmgCAMI2_long_read_sample_6	0.05208414565908679	0.7237924973519104	0.0	1.0	1.0	1.0	1.0	0.0	0.0	1.0	1.0	0.0	0.0	0.0	0.05208414565908679	0.7237924973519104	0.0	1.0	1.0	1.0	1.0	0.0	0.0	1.0	1.0	0.0	0.0	0.0
LSHVd	strmgCAMI2_long_read_sample_59	0.050878367656402315	0.6867706899828274	0.0	1.0	1.0	1.0	1.0	0.0	0.0	1.0	1.0	0.0	0.0	0.0	0.050878367656402315	0.6867706899828274	0.0	1.0	1.0	1.0	1.0	0.0	0.0	1.0	1.0	0.0	0.0	0.0
LSHVd	strmgCAMI2_long_read_sample_58	0.05516243835039191	0.7438075647102168	0.0	1.0	1.0	1.0	1.0	0.0	0.0	1.0	1.0	0.0	0.0	0.0	0.05516243835039191	0.7438075647102168	0.0	1.0	1.0	1.0	1.0	0.0	0.0	1.0	1.0	0.0	0.0	0.0
LSHVd	strmgCAMI2_long_read_sample_57	0.044123160462157085	0.8107372295716817	0.0	1.0	1.0	1.0	1.0	0.0	0.0	1.0	1.0	0.0	0.0	0.0	0.044123160462157085	0.8107372295716817	0.0	1.0	1.0	1.0	1.0	0.0	0.0	1.0	1.0	0.0	0.0	0.0
LSHVd	strmgCAMI2_long_read_sample_56	0.04200552024785095	0.8531783686886498	0.0	1.0	1.0	1.0	1.0	0.0	0.0	1.0	1.0	0.0	0.0	0.0	0.04200552024785095	0.8531783686886498	0.0	1.0	1.0	1.0	1.0	0.0	0.0	1.0	1.0	0.0	0.0	0.0
LSHVd	strmgCAMI2_long_read_sample_75	0.05009545133527839	0.6666291198303357	0.0	1.0	1.0	1.0	1.0	0.0	0.0	1.0	1.0	0.0	0.0	0.0	0.05009545133527839	0.6666291198303357	0.0	1.0	1.0	1.0	1.0	0.0	0.0	1.0	1.0	0.0	0.0	0.0
LSHVd	strmgCAMI2_long_read_sample_55	0.05096440539282101	0.7267468095913915	0.0	1.0	1.0	1.0	1.0	0.0	0.0	1.0	1.0	0.0	0.0	0.0	0.05096440539282101	0.7267468095913915	0.0	1.0	1.0	1.0	1.0	0.0	0.0	1.0	1.0	0.0	0.0	0.0
LSHVd	strmgCAMI2_long_read_sample_76	0.049900402767889575	0.6462176000474055	0.0	1.0	1.0	1.0	1.0	0.0	0.0	1.0	1.0	0.0	0.0	0.0	0.049900402767889575	0.6462176000474055	0.0	1.0	1.0	1.0	1.0	0.0	0.0	1.0	1.0	0.0	0.0	0.0
LSHVd	strmgCAMI2_long_read_sample_78	0.05183242265305145	0.6441389226443285	0.0	1.0	1.0	1.0	1.0	0.0	0.0	1.0	1.0	0.0	0.0	0.0	0.05183242265305145	0.6441389226443285	0.0	1.0	1.0	1.0	1.0	0.0	0.0	1.0	1.0	0.0	0.0	0.0
LSHVd	strmgCAMI2_long_read_sample_97	0.0549114590490653	0.6398079029045098	0.0	1.0	1.0	1.0	1.0	0.0	0.0	1.0	1.0	0.0	0.0	0.0	0.0549114590490653	0.6398079029045098	0.0	1.0	1.0	1.0	1.0	0.0	0.0	1.0	1.0	0.0	0.0	0.0
LSHVd	strmgCAMI2_long_read_sample_96	0.049650511500806835	0.7066162550775938	0.0	1.0	1.0	1.0	1.0	0.0	0.0	1.0	1.0	0.0	0.0	0.0	0.049650511500806835	0.7066162550775938	0.0	1.0	1.0	1.0	1.0	0.0	0.0	1.0	1.0	0.0	0.0	0.0
LSHVd	strmgCAMI2_long_read_sample_95	0.0526005584840132	0.6110064867411681	0.0	1.0	1.0	1.0	1.0	0.0	0.0	1.0	1.0	0.0	0.0	0.0	0.0526005584840132	0.6110064867411681	0.0	1.0	1.0	1.0	1.0	0.0	0.0	1.0	1.0	0.0	0.0	0.0
LSHVd	strmgCAMI2_long_read_sample_94	0.050799216401464016	0.6745942368571072	0.0	1.0	1.0	1.0	1.0	0.0	0.0	1.0	1.0	0.0	0.0	0.0	0.050799216401464016	0.6745942368571072	0.0	1.0	1.0	1.0	1.0	0.0	0.0	1.0	1.0	0.0	0.0	0.0
LSHVd	strmgCAMI2_long_read_sample_93	0.05569372458664291	0.6666235257894062	0.0	1.0	1.0	1.0	1.0	0.0	0.0	1.0	1.0	0.0	0.0	0.0	0.05569372458664291	0.6666235257894062	0.0	1.0	1.0	1.0	1.0	0.0	0.0	1.0	1.0	0.0	0.0	0.0
LSHVd	strmgCAMI2_long_read_sample_92	0.0500130575508543	0.6540516166294308	0.0	1.0	1.0	1.0	1.0	0.0	0.0	1.0	1.0	0.0	0.0	0.0	0.0500130575508543	0.6540516166294308	0.0	1.0	1.0	1.0	1.0	0.0	0.0	1.0	1.0	0.0	0.0	0.0
LSHVd	strmgCAMI2_long_read_sample_91	0.05359449381022339	0.6544671009981917	0.0	1.0	1.0	1.0	1.0	0.0	0.0	1.0	1.0	0.0	0.0	0.0	0.05359449381022339	0.6544671009981917	0.0	1.0	1.0	1.0	1.0	0.0	0.0	1.0	1.0	0.0	0.0	0.0
LSHVd	strmgCAMI2_long_read_sample_90	0.05384604455385283	0.6929477611787159	0.0	1.0	1.0	1.0	1.0	0.0	0.0	1.0	1.0	0.0	0.0	0.0	0.05384604455385283	0.6929477611787159	0.0	1.0	1.0	1.0	1.0	0.0	0.0	1.0	1.0	0.0	0.0	0.0
LSHVd	strmgCAMI2_long_read_sample_9	0.04308663051928189	0.831814431287333	0.0	1.0	1.0	1.0	1.0	0.0	0.0	1.0	1.0	0.0	0.0	0.0	0.04308663051928189	0.831814431287333	0.0	1.0	1.0	1.0	1.0	0.0	0.0	1.0	1.0	0.0	0.0	0.0
LSHVd	strmgCAMI2_long_read_sample_89	0.048189500314572926	0.8201902580439474	0.0	1.0	1.0	1.0	1.0	0.0	0.0	1.0	1.0	0.0	0.0	0.0	0.048189500314572926	0.8201902580439474	0.0	1.0	1.0	1.0	1.0	0.0	0.0	1.0	1.0	0.0	0.0	0.0
LSHVd	strmgCAMI2_long_read_sample_88	0.05235713213553825	0.7235406844358082	0.0	1.0	1.0	1.0	1.0	0.0	0.0	1.0	1.0	0.0	0.0	0.0	0.05235713213553825	0.7235406844358082	0.0	1.0	1.0	1.0	1.0	0.0	0.0	1.0	1.0	0.0	0.0	0.0
LSHVd	strmgCAMI2_long_read_sample_87	0.04904569140412049	0.6568324856378459	0.0	1.0	1.0	1.0	1.0	0.0	0.0	1.0	1.0	0.0	0.0	0.0	0.04904569140412049	0.6568324856378459	0.0	1.0	1.0	1.0	1.0	0.0	0.0	1.0	1.0	0.0	0.0	0.0
LSHVd	strmgCAMI2_long_read_sample_86	0.04092937310077435	0.8953406886735367	0.0	1.0	1.0	1.0	1.0	0.0	0.0	1.0	1.0	0.0	0.0	0.0	0.04092937310077435	0.8953406886735367	0.0	1.0	1.0	1.0	1.0	0.0	0.0	1.0	1.0	0.0	0.0	0.0
LSHVd	strmgCAMI2_long_read_sample_85	0.047978036221098454	0.7674217744353407	0.0	1.0	1.0	1.0	1.0	0.0	0.0	1.0	1.0	0.0	0.0	0.0	0.047978036221098454	0.7674217744353407	0.0	1.0	1.0	1.0	1.0	0.0	0.0	1.0	1.0	0.0	0.0	0.0
LSHVd	strmgCAMI2_long_read_sample_84	0.05172419922431113	0.6406604974816122	0.0	1.0	1.0	1.0	1.0	0.0	0.0	1.0	1.0	0.0	0.0	0.0	0.05172419922431113	0.6406604974816122	0.0	1.0	1.0	1.0	1.0	0.0	0.0	1.0	1.0	0.0	0.0	0.0
LSHVd	strmgCAMI2_long_read_sample_83	0.049751311507563935	0.7300487691298443	0.0	1.0	1.0	1.0	1.0	0.0	0.0	1.0	1.0	0.0	0.0	0.0	0.049751311507563935	0.7300487691298443	0.0	1.0	1.0	1.0	1.0	0.0	0.0	1.0	1.0	0.0	0.0	0.0
LSHVd	strmgCAMI2_long_read_sample_82	0.04664834471019766	0.8061116089244676	0.0	1.0	1.0	1.0	1.0	0.0	0.0	1.0	1.0	0.0	0.0	0.0	0.04664834471019766	0.8061116089244676	0.0	1.0	1.0	1.0	1.0	0.0	0.0	1.0	1.0	0.0	0.0	0.0
LSHVd	strmgCAMI2_long_read_sample_81	0.04948312002493975	0.7072157318008103	0.0	1.0	1.0	1.0	1.0	0.0	0.0	1.0	1.0	0.0	0.0	0.0	0.04948312002493975	0.7072157318008103	0.0	1.0	1.0	1.0	1.0	0.0	0.0	1.0	1.0	0.0	0.0	0.0
LSHVd	strmgCAMI2_long_read_sample_80	0.04731573762939725	0.8071789258770491	0.0	1.0	1.0	1.0	1.0	0.0	0.0	1.0	1.0	0.0	0.0	0.0	0.04731573762939725	0.8071789258770491	0.0	1.0	1.0	1.0	1.0	0.0	0.0	1.0	1.0	0.0	0.0	0.0
LSHVd	strmgCAMI2_long_read_sample_8	0.0530496358770589	0.7239553464101021	0.0	1.0	1.0	1.0	1.0	0.0	0.0	1.0	1.0	0.0	0.0	0.0	0.0530496358770589	0.7239553464101021	0.0	1.0	1.0	1.0	1.0	0.0	0.0	1.0	1.0	0.0	0.0	0.0
LSHVd	strmgCAMI2_long_read_sample_79	0.05333173404710326	0.6474547306955147	0.0	1.0	1.0	1.0	1.0	0.0	0.0	1.0	1.0	0.0	0.0	0.0	0.05333173404710326	0.6474547306955147	0.0	1.0	1.0	1.0	1.0	0.0	0.0	1.0	1.0	0.0	0.0	0.0
LSHVd	strmgCAMI2_long_read_sample_77	0.052346340354264706	0.6397063446152589	0.0	1.0	1.0	1.0	1.0	0.0	0.0	1.0	1.0	0.0	0.0	0.0	0.052346340354264706	0.6397063446152589	0.0	1.0	1.0	1.0	1.0	0.0	0.0	1.0	1.0	0.0	0.0	0.0
LSHVd	strmgCAMI2_long_read_sample_54	0.048497442398522154	0.7627771226366298	0.0	1.0	1.0	1.0	1.0	0.0	0.0	1.0	1.0	0.0	0.0	0.0	0.048497442398522154	0.7627771226366298	0.0	1.0	1.0	1.0	1.0	0.0	0.0	1.0	1.0	0.0	0.0	0.0
LSHVd	strmgCAMI2_long_read_sample_53	0.049573822837554335	0.619684663241787	0.0	1.0	1.0	1.0	1.0	0.0	0.0	1.0	1.0	0.0	0.0	0.0	0.049573822837554335	0.619684663241787	0.0	1.0	1.0	1.0	1.0	0.0	0.0	1.0	1.0	0.0	0.0	0.0
LSHVd	strmgCAMI2_long_read_sample_52	0.04694605310474565	0.7689030422668278	0.0	1.0	1.0	1.0	1.0	0.0	0.0	1.0	1.0	0.0	0.0	0.0	0.04694605310474565	0.7689030422668278	0.0	1.0	1.0	1.0	1.0	0.0	0.0	1.0	1.0	0.0	0.0	0.0
LSHVd	strmgCAMI2_long_read_sample_28	0.047357544886053794	0.560456961243224	0.0	1.0	1.0	1.0	1.0	0.0	0.0	1.0	1.0	0.0	0.0	0.0	0.047357544886053794	0.560456961243224	0.0	1.0	1.0	1.0	1.0	0.0	0.0	1.0	1.0	0.0	0.0	0.0
LSHVd	strmgCAMI2_long_read_sample_27	0.04626254632961837	0.6966905861092816	0.0	1.0	1.0	1.0	1.0	0.0	0.0	1.0	1.0	0.0	0.0	0.0	0.04626254632961837	0.6966905861092816	0.0	1.0	1.0	1.0	1.0	0.0	0.0	1.0	1.0	0.0	0.0	0.0
LSHVd	strmgCAMI2_long_read_sample_26	0.048019032711932204	0.7139876134557951	0.0	1.0	1.0	1.0	1.0	0.0	0.0	1.0	1.0	0.0	0.0	0.0	0.048019032711932204	0.7139876134557951	0.0	1.0	1.0	1.0	1.0	0.0	0.0	1.0	1.0	0.0	0.0	0.0
LSHVd	strmgCAMI2_long_read_sample_25	0.04762411806212314	0.7589753679359044	0.0	1.0	1.0	1.0	1.0	0.0	0.0	1.0	1.0	0.0	0.0	0.0	0.04762411806212314	0.7589753679359044	0.0	1.0	1.0	1.0	1.0	0.0	0.0	1.0	1.0	0.0	0.0	0.0
LSHVd	strmgCAMI2_long_read_sample_24	0.052104942724051605	0.6455870654881186	0.0	1.0	1.0	1.0	1.0	0.0	0.0	1.0	1.0	0.0	0.0	0.0	0.052104942724051605	0.6455870654881186	0.0	1.0	1.0	1.0	1.0	0.0	0.0	1.0	1.0	0.0	0.0	0.0
LSHVd	strmgCAMI2_long_read_sample_23	0.053236600534659714	0.6680710111490786	0.0	1.0	1.0	1.0	1.0	0.0	0.0	1.0	1.0	0.0	0.0	0.0	0.053236600534659714	0.6680710111490786	0.0	1.0	1.0	1.0	1.0	0.0	0.0	1.0	1.0	0.0	0.0	0.0
LSHVd	strmgCAMI2_long_read_sample_22	0.04531930211571128	0.711283946628718	0.0	1.0	1.0	1.0	1.0	0.0	0.0	1.0	1.0	0.0	0.0	0.0	0.04531930211571128	0.711283946628718	0.0	1.0	1.0	1.0	1.0	0.0	0.0	1.0	1.0	0.0	0.0	0.0
LSHVd	strmgCAMI2_long_read_sample_21	0.05144356391955378	0.8085518979444599	0.0	1.0	1.0	1.0	1.0	0.0	0.0	1.0	1.0	0.0	0.0	0.0	0.05144356391955378	0.8085518979444599	0.0	1.0	1.0	1.0	1.0	0.0	0.0	1.0	1.0	0.0	0.0	0.0
LSHVd	strmgCAMI2_long_read_sample_20	0.05140247096134767	0.7366423475836658	0.0	1.0	1.0	1.0	1.0	0.0	0.0	1.0	1.0	0.0	0.0	0.0	0.05140247096134767	0.7366423475836658	0.0	1.0	1.0	1.0	1.0	0.0	0.0	1.0	1.0	0.0	0.0	0.0
LSHVd	strmgCAMI2_long_read_sample_2	0.043424810782160206	0.8238792327342678	0.0	1.0	1.0	1.0	1.0	0.0	0.0	1.0	1.0	0.0	0.0	0.0	0.043424810782160206	0.8238792327342678	0.0	1.0	1.0	1.0	1.0	0.0	0.0	1.0	1.0	0.0	0.0	0.0
LSHVd	strmgCAMI2_long_read_sample_19	0.05613158734931709	0.7943001756947713	0.0	1.0	1.0	1.0	1.0	0.0	0.0	1.0	1.0	0.0	0.0	0.0	0.05613158734931709	0.7943001756947713	0.0	1.0	1.0	1.0	1.0	0.0	0.0	1.0	1.0	0.0	0.0	0.0
LSHVd	strmgCAMI2_long_read_sample_18	0.052721064352944325	0.6911735479411704	0.0	1.0	1.0	1.0	1.0	0.0	0.0	1.0	1.0	0.0	0.0	0.0	0.052721064352944325	0.6911735479411704	0.0	1.0	1.0	1.0	1.0	0.0	0.0	1.0	1.0	0.0	0.0	0.0
LSHVd	strmgCAMI2_long_read_sample_17	0.054073469830074036	0.6952968192503	0.0	1.0	1.0	1.0	1.0	0.0	0.0	1.0	1.0	0.0	0.0	0.0	0.054073469830074036	0.6952968192503	0.0	1.0	1.0	1.0	1.0	0.0	0.0	1.0	1.0	0.0	0.0	0.0
LSHVd	strmgCAMI2_long_read_sample_16	0.04524869868523233	0.7866398477363542	0.0	1.0	1.0	1.0	1.0	0.0	0.0	1.0	1.0	0.0	0.0	0.0	0.04524869868523233	0.7866398477363542	0.0	1.0	1.0	1.0	1.0	0.0	0.0	1.0	1.0	0.0	0.0	0.0
LSHVd	strmgCAMI2_long_read_sample_15	0.04500783161967276	0.7861723701308131	0.0	1.0	1.0	1.0	1.0	0.0	0.0	1.0	1.0	0.0	0.0	0.0	0.04500783161967276	0.7861723701308131	0.0	1.0	1.0	1.0	1.0	0.0	0.0	1.0	1.0	0.0	0.0	0.0
LSHVd	strmgCAMI2_long_read_sample_14	0.04048521244313047	0.8045546428975956	0.0	1.0	1.0	1.0	1.0	0.0	0.0	1.0	1.0	0.0	0.0	0.0	0.04048521244313047	0.8045546428975956	0.0	1.0	1.0	1.0	1.0	0.0	0.0	1.0	1.0	0.0	0.0	0.0
LSHVd	strmgCAMI2_long_read_sample_13	0.053611100641128104	0.6548246103213747	0.0	1.0	1.0	1.0	1.0	0.0	0.0	1.0	1.0	0.0	0.0	0.0	0.053611100641128104	0.6548246103213747	0.0	1.0	1.0	1.0	1.0	0.0	0.0	1.0	1.0	0.0	0.0	0.0
LSHVd	strmgCAMI2_long_read_sample_12	0.05104704391394106	0.6891781760803382	0.0	1.0	1.0	1.0	1.0	0.0	0.0	1.0	1.0	0.0	0.0	0.0	0.05104704391394106	0.6891781760803382	0.0	1.0	1.0	1.0	1.0	0.0	0.0	1.0	1.0	0.0	0.0	0.0
LSHVd	strmgCAMI2_long_read_sample_11	0.04733790044447517	0.7442643076059212	0.0	1.0	1.0	1.0	1.0	0.0	0.0	1.0	1.0	0.0	0.0	0.0	0.04733790044447517	0.7442643076059212	0.0	1.0	1.0	1.0	1.0	0.0	0.0	1.0	1.0	0.0	0.0	0.0
LSHVd	strmgCAMI2_long_read_sample_10	0.050892084886983636	0.6180811610889687	0.0	1.0	1.0	1.0	1.0	0.0	0.0	1.0	1.0	0.0	0.0	0.0	0.050892084886983636	0.6180811610889687	0.0	1.0	1.0	1.0	1.0	0.0	0.0	1.0	1.0	0.0	0.0	0.0
LSHVd	strmgCAMI2_long_read_sample_1	0.05410910939525355	0.6948252468787827	0.0	1.0	1.0	1.0	1.0	0.0	0.0	1.0	1.0	0.0	0.0	0.0	0.05410910939525355	0.6948252468787827	0.0	1.0	1.0	1.0	1.0	0.0	0.0	1.0	1.0	0.0	0.0	0.0
LSHVd	strmgCAMI2_long_read_sample_29	0.044387298270018756	0.7483609095738567	0.0	1.0	1.0	1.0	1.0	0.0	0.0	1.0	1.0	0.0	0.0	0.0	0.044387298270018756	0.7483609095738567	0.0	1.0	1.0	1.0	1.0	0.0	0.0	1.0	1.0	0.0	0.0	0.0
LSHVd	strmgCAMI2_long_read_sample_3	0.0522579040909258	0.669242574487918	0.0	1.0	1.0	1.0	1.0	0.0	0.0	1.0	1.0	0.0	0.0	0.0	0.0522579040909258	0.669242574487918	0.0	1.0	1.0	1.0	1.0	0.0	0.0	1.0	1.0	0.0	0.0	0.0
LSHVd	strmgCAMI2_long_read_sample_30	0.04600331267651657	0.8131666763377101	0.0	1.0	1.0	1.0	1.0	0.0	0.0	1.0	1.0	0.0	0.0	0.0	0.04600331267651657	0.8131666763377101	0.0	1.0	1.0	1.0	1.0	0.0	0.0	1.0	1.0	0.0	0.0	0.0
LSHVd	strmgCAMI2_long_read_sample_31	0.05338126786115544	0.6269021071138431	0.0	1.0	1.0	1.0	1.0	0.0	0.0	1.0	1.0	0.0	0.0	0.0	0.05338126786115544	0.6269021071138431	0.0	1.0	1.0	1.0	1.0	0.0	0.0	1.0	1.0	0.0	0.0	0.0
LSHVd	strmgCAMI2_long_read_sample_51	0.05268203986113445	0.6332143361285946	0.0	1.0	1.0	1.0	1.0	0.0	0.0	1.0	1.0	0.0	0.0	0.0	0.05268203986113445	0.6332143361285946	0.0	1.0	1.0	1.0	1.0	0.0	0.0	1.0	1.0	0.0	0.0	0.0
LSHVd	strmgCAMI2_long_read_sample_50	0.05071761295224772	0.7687096134217929	0.0	1.0	1.0	1.0	1.0	0.0	0.0	1.0	1.0	0.0	0.0	0.0	0.05071761295224772	0.7687096134217929	0.0	1.0	1.0	1.0	1.0	0.0	0.0	1.0	1.0	0.0	0.0	0.0
LSHVd	strmgCAMI2_long_read_sample_5	0.047838821106101735	0.7202352558061024	0.0	1.0	1.0	1.0	1.0	0.0	0.0	1.0	1.0	0.0	0.0	0.0	0.047838821106101735	0.7202352558061024	0.0	1.0	1.0	1.0	1.0	0.0	0.0	1.0	1.0	0.0	0.0	0.0
LSHVd	strmgCAMI2_long_read_sample_49	0.04158670158906799	0.9032692976277916	0.0	1.0	1.0	1.0	1.0	0.0	0.0	1.0	1.0	0.0	0.0	0.0	0.04158670158906799	0.9032692976277916	0.0	1.0	1.0	1.0	1.0	0.0	0.0	1.0	1.0	0.0	0.0	0.0
LSHVd	strmgCAMI2_long_read_sample_48	0.05365235384069009	0.6226001942889704	0.0	1.0	1.0	1.0	1.0	0.0	0.0	1.0	1.0	0.0	0.0	0.0	0.05365235384069009	0.6226001942889704	0.0	1.0	1.0	1.0	1.0	0.0	0.0	1.0	1.0	0.0	0.0	0.0
LSHVd	strmgCAMI2_long_read_sample_47	0.05165235437100813	0.7837860023105964	0.0	1.0	1.0	1.0	1.0	0.0	0.0	1.0	1.0	0.0	0.0	0.0	0.05165235437100813	0.7837860023105964	0.0	1.0	1.0	1.0	1.0	0.0	0.0	1.0	1.0	0.0	0.0	0.0
LSHVd	strmgCAMI2_long_read_sample_46	0.047752497485343534	0.6921176712100675	0.0	1.0	1.0	1.0	1.0	0.0	0.0	1.0	1.0	0.0	0.0	0.0	0.047752497485343534	0.6921176712100675	0.0	1.0	1.0	1.0	1.0	0.0	0.0	1.0	1.0	0.0	0.0	0.0
LSHVd	strmgCAMI2_long_read_sample_45	0.04896895094872393	0.7810425283923226	0.0	1.0	1.0	1.0	1.0	0.0	0.0	1.0	1.0	0.0	0.0	0.0	0.04896895094872393	0.7810425283923226	0.0	1.0	1.0	1.0	1.0	0.0	0.0	1.0	1.0	0.0	0.0	0.0
LSHVd	strmgCAMI2_long_read_sample_44	0.0479560643219821	0.7537662775094213	0.0	1.0	1.0	1.0	1.0	0.0	0.0	1.0	1.0	0.0	0.0	0.0	0.0479560643219821	0.7537662775094213	0.0	1.0	1.0	1.0	1.0	0.0	0.0	1.0	1.0	0.0	0.0	0.0
LSHVd	strmgCAMI2_long_read_sample_43	0.04777410190985099	0.7896849778445313	0.0	1.0	1.0	1.0	1.0	0.0	0.0	1.0	1.0	0.0	0.0	0.0	0.04777410190985099	0.7896849778445313	0.0	1.0	1.0	1.0	1.0	0.0	0.0	1.0	1.0	0.0	0.0	0.0
LSHVd	strmgCAMI2_long_read_sample_98	0.0425651945557856	0.8498610630991638	0.0	1.0	1.0	1.0	1.0	0.0	0.0	1.0	1.0	0.0	0.0	0.0	0.0425651945557856	0.8498610630991638	0.0	1.0	1.0	1.0	1.0	0.0	0.0	1.0	1.0	0.0	0.0	0.0
LSHVd	strmgCAMI2_long_read_sample_42	0.05016866398480849	0.6343025334485969	0.0	1.0	1.0	1.0	1.0	0.0	0.0	1.0	1.0	0.0	0.0	0.0	0.05016866398480849	0.6343025334485969	0.0	1.0	1.0	1.0	1.0	0.0	0.0	1.0	1.0	0.0	0.0	0.0
LSHVd	strmgCAMI2_long_read_sample_40	0.04843534491722515	0.6875715033360851	0.0	1.0	1.0	1.0	1.0	0.0	0.0	1.0	1.0	0.0	0.0	0.0	0.04843534491722515	0.6875715033360851	0.0	1.0	1.0	1.0	1.0	0.0	0.0	1.0	1.0	0.0	0.0	0.0
LSHVd	strmgCAMI2_long_read_sample_4	0.045740276258247746	0.6060730772998907	0.0	1.0	1.0	1.0	1.0	0.0	0.0	1.0	1.0	0.0	0.0	0.0	0.045740276258247746	0.6060730772998907	0.0	1.0	1.0	1.0	1.0	0.0	0.0	1.0	1.0	0.0	0.0	0.0
LSHVd	strmgCAMI2_long_read_sample_39	0.050455264024132085	0.7125918537373478	0.0	1.0	1.0	1.0	1.0	0.0	0.0	1.0	1.0	0.0	0.0	0.0	0.050455264024132085	0.7125918537373478	0.0	1.0	1.0	1.0	1.0	0.0	0.0	1.0	1.0	0.0	0.0	0.0
LSHVd	strmgCAMI2_long_read_sample_38	0.043720554685373454	0.7617001552083108	0.0	1.0	1.0	1.0	1.0	0.0	0.0	1.0	1.0	0.0	0.0	0.0	0.043720554685373454	0.7617001552083108	0.0	1.0	1.0	1.0	1.0	0.0	0.0	1.0	1.0	0.0	0.0	0.0
LSHVd	strmgCAMI2_long_read_sample_37	0.03958319922440179	0.7688524844117903	0.0	1.0	1.0	1.0	1.0	0.0	0.0	1.0	1.0	0.0	0.0	0.0	0.03958319922440179	0.7688524844117903	0.0	1.0	1.0	1.0	1.0	0.0	0.0	1.0	1.0	0.0	0.0	0.0
LSHVd	strmgCAMI2_long_read_sample_36	0.04381885056879952	0.7305914038714937	0.0	1.0	1.0	1.0	1.0	0.0	0.0	1.0	1.0	0.0	0.0	0.0	0.04381885056879952	0.7305914038714937	0.0	1.0	1.0	1.0	1.0	0.0	0.0	1.0	1.0	0.0	0.0	0.0
LSHVd	strmgCAMI2_long_read_sample_35	0.04135096235187456	0.8621178409812942	0.0	1.0	1.0	1.0	1.0	0.0	0.0	1.0	1.0	0.0	0.0	0.0	0.04135096235187456	0.8621178409812942	0.0	1.0	1.0	1.0	1.0	0.0	0.0	1.0	1.0	0.0	0.0	0.0
LSHVd	strmgCAMI2_long_read_sample_34	0.052287751372249114	0.6412393150446319	0.0	1.0	1.0	1.0	1.0	0.0	0.0	1.0	1.0	0.0	0.0	0.0	0.052287751372249114	0.6412393150446319	0.0	1.0	1.0	1.0	1.0	0.0	0.0	1.0	1.0	0.0	0.0	0.0
LSHVd	strmgCAMI2_long_read_sample_33	0.05463773661165	0.7910354482396714	0.0	1.0	1.0	1.0	1.0	0.0	0.0	1.0	1.0	0.0	0.0	0.0	0.05463773661165	0.7910354482396714	0.0	1.0	1.0	1.0	1.0	0.0	0.0	1.0	1.0	0.0	0.0	0.0
LSHVd	strmgCAMI2_long_read_sample_32	0.03547011257853255	0.9213013143930657	0.0	1.0	1.0	1.0	1.0	0.0	0.0	1.0	1.0	0.0	0.0	0.0	0.03547011257853255	0.9213013143930657	0.0	1.0	1.0	1.0	1.0	0.0	0.0	1.0	1.0	0.0	0.0	0.0
LSHVd	strmgCAMI2_long_read_sample_41	0.05155797622806882	0.7147296081807075	0.0	1.0	1.0	1.0	1.0	0.0	0.0	1.0	1.0	0.0	0.0	0.0	0.05155797622806882	0.7147296081807075	0.0	1.0	1.0	1.0	1.0	0.0	0.0	1.0	1.0	0.0	0.0	0.0
LSHVd	strmgCAMI2_long_read_sample_99	0.05374372887688095	0.7693978789269289	0.0	1.0	1.0	1.0	1.0	0.0	0.0	1.0	1.0	0.0	0.0	0.0	0.05374372887688095	0.7693978789269289	0.0	1.0	1.0	1.0	1.0	0.0	0.0	1.0	1.0	0.0	0.0	0.0
