	Accuracy (bp)	Accuracy (bp) (unfiltered)	Accuracy (seq)	Accuracy (seq) (unfiltered)	Adjusted Rand index (bp)	Adjusted Rand index (bp) (unfiltered)	Adjusted Rand index (seq)	Adjusted Rand index (seq) (unfiltered)	Average completeness (bp)	Average completeness (bp) (unfiltered)	Average completeness (seq)	Average completeness (seq) (unfiltered)	Average purity (bp)	Average purity (bp) (unfiltered)	Average purity (seq)	Average purity (seq) (unfiltered)	CAMI 1 F1 score (bp)	CAMI 1 F1 score (bp) (unfiltered)	CAMI 1 F1 score (seq)	CAMI 1 F1 score (seq) (unfiltered)	CAMI 1 average completeness (bp)	CAMI 1 average completeness (bp) (unfiltered)	CAMI 1 average completeness (seq)	CAMI 1 average completeness (seq) (unfiltered)	CAMI 1 std error of av. completeness (bp)	CAMI 1 std error of av. completeness (bp) (unfiltered)	CAMI 1 std error of av. completeness (seq)	CAMI 1 std error of av. completeness (seq) (unfiltered)	Completeness (bp)	Completeness (bp) (unfiltered)	Completeness (seq)	Completeness (seq) (unfiltered)	F1 score (bp)	F1 score (bp) (unfiltered)	F1 score (seq)	F1 score (seq) (unfiltered)	F1 score for sample (bp)	F1 score for sample (bp) (unfiltered)	F1 score for sample (seq)	F1 score for sample (seq) (unfiltered)	Misclassification rate (bp)	Misclassification rate (bp) (unfiltered)	Misclassification rate (seq)	Misclassification rate (seq) (unfiltered)	Percentage of binned bp	Percentage of binned bp (unfiltered)	Percentage of binned sequences	Percentage of binned sequences (unfiltered)	Purity (bp)	Purity (bp) (unfiltered)	Purity (seq)	Purity (seq) (unfiltered)	Rand index (bp)	Rand index (bp) (unfiltered)	Rand index (seq)	Rand index (seq) (unfiltered)	Sample	Std error of av. completeness (bp)	Std error of av. completeness (bp) (unfiltered)	Std error of av. completeness (seq)	Std error of av. completeness (seq) (unfiltered)	Std error of av. purity (bp)	Std error of av. purity (bp) (unfiltered)	Std error of av. purity (seq)	Std error of av. purity (seq) (unfiltered)	Tool	UniFrac (bp)	UniFrac (bp) (unfiltered)	UniFrac (seq)	UniFrac (seq) (unfiltered)	avg_precision_bp_var	avg_precision_bp_var (unfiltered)	avg_recall_bp_var	avg_recall_bp_var (unfiltered)	avg_recall_bp_var_cami1	avg_recall_bp_var_cami1 (unfiltered)	rank	Unnamed: 0
8	0.509757317210798	0.510211091701274	0.303237497289749	0.304571057545923	0.551271525988162	0.550634883258909	0.467961933735684	0.489999193636317	0.287618808931693	0.509593191642544	0.21436327812535	0.434882023247391	0.918997768869535	0.513786549886624	0.941412434619068	0.604961572916401	0	0	0	0	0	0	0	0	0	0	0	0	0.509757317210798	0.510211091701274	0.303237497289749	0.304571057545923	0.438119363774698	0.51168127949946	0.349210064422829	0.506012469158618	0.64432950007596	0.643787471058823	0.45385170329493	0.454856045597457	0.12456105721952	0.127888381852711	0.098270955307592	0.102083634039219	0.582287687124996	0.585029577733599	0.336284495963182	0.339197579075227	0.87543894278048	0.872111618147288	0.901729044692408	0.897916365960781	0.781933259786966	0.781081220547514	0.822776805097231	0.823165303367451	contigs	0.220359945951127	0.23090378170448	0.202975119182234	0.237635781871755	0.078994297653072	0.239987573185337	0.045995047635208	0.22224321519207	Kraken	6.124582647108	6.12446674023443	8.29214332621518	8.29164619346663	0	0	0	0	0	0	superkingdom	
9	0.371188399373156	0.373256954037818	0.266252564092474	0.271860992592735	0.708022099723609	0.705532422293256	0.77175513710579	0.772179260006601	0.128912368111725	0.581050822157879	0.120152056315033	0.55927067346513	0.541218125262554	0.196537607703433	0.686643032237831	0.256062426854955	0	0	0	0	0	0	0	0	0	0	0	0	0.371188399373156	0.373256954037818	0.266252564092474	0.271860992592735	0.208227235985863	0.293724376946788	0.204516793541087	0.351287604685901	0.472184738741788	0.473231885497512	0.401116494845587	0.407195215821983	0.351315144571378	0.353645400937859	0.187157271233832	0.189166373243263	0.572216841917623	0.577480154979036	0.327557293274462	0.335285789367364	0.648684855428622	0.646354599062141	0.812842728766168	0.810833626756737	0.86910368637077	0.868966272778728	0.900866323386116	0.903393894177055	contigs	0.045860952047235	0.099107013330777	0.043008616607764	0.096868623395392	0.124223282700937	0.050336640641152	0.111826304428648	0.058396397073808	Kraken	6.124582647108	6.12446674023443	8.29214332621518	8.29164619346663	0	0	0	0	0	0	phylum	
10	0.38402685541088	0.38539504255286	0.260997409820389	0.264555313388266	0.720160232317699	0.716202006629467	0.779979390129731	0.777246984453717	0.18302249361531	0.631215507073585	0.169465737830244	0.600163723260911	0.6542166970795	0.227815168411151	0.726370907690942	0.269113759529398	0	0	0	0	0	0	0	0	0	0	0	0	0.38402685541088	0.38539504255286	0.260997409820389	0.264555313388266	0.286026675757724	0.334797047769114	0.274815687493236	0.371601287500198	0.494459718315385	0.494552545532535	0.394516616846684	0.397981929950482	0.305957674682559	0.310021007193192	0.192271205027856	0.197061842682785	0.553319072054048	0.558560545423402	0.323125053167617	0.329484046781636	0.694042325317441	0.689978992806808	0.807728794972144	0.802938157317215	0.927124229154169	0.926933562705898	0.945435013267172	0.946337151304319	contigs	0.039331398317699	0.070424924684394	0.037463775078124	0.070062907393988	0.073262529590482	0.03967241120445	0.06532926550107	0.043518522979584	Kraken	6.124582647108	6.12446674023443	8.29214332621518	8.29164619346663	0	0	0	0	0	0	class	
11	0.35717976833864	0.357978694710424	0.246136736918498	0.248504614408236	0.667332509626361	0.664494375848918	0.751002365014938	0.746506686511062	0.225353668172244	0.626630293012452	0.212103637581687	0.594645437108568	0.486087186535668	0.208712839325741	0.55349099548383	0.246392334537489	0	0	0	0	0	0	0	0	0	0	0	0	0.35717976833864	0.357978694710424	0.246136736918498	0.248504614408236	0.307942760982743	0.313130694678892	0.306683062917404	0.348417353918572	0.456461796367702	0.455851015755927	0.372732294449609	0.37468278166452	0.367815636979431	0.372622249491864	0.232539689083475	0.238836716419254	0.564993045117472	0.570595138926244	0.320715916402965	0.326480033612754	0.632184363020569	0.627377750508136	0.767460310916525	0.761163283580746	0.933512067643867	0.933865500078166	0.97245064000888	0.972717575083739	contigs	0.029118134615748	0.047814452827214	0.027930298712952	0.047255076882968	0.046085182479737	0.024901133665852	0.047462634563426	0.027778026086874	Kraken	6.124582647108	6.12446674023443	8.29214332621518	8.29164619346663	0	0	0	0	0	0	order	
12	0.369860203908611	0.369983508152632	0.260207809499618	0.260578366262739	0.55811856037207	0.554508193726255	0.731595690936873	0.725832264592508	0.187917204877437	0.623018550018453	0.179801686628384	0.596469149531564	0.392647376215643	0.146932026012494	0.445189819709294	0.168526197372599	0	0	0	0	0	0	0	0	0	0	0	0	0.369860203908611	0.369983508152632	0.260207809499618	0.260578366262739	0.254184288342155	0.237785075165391	0.256150298497877	0.26280075565797	0.468120802461055	0.466548809663628	0.389647197420194	0.388866845435268	0.362520224486119	0.36867640438434	0.224665691501911	0.234028469552103	0.580191275261183	0.586044162964998	0.335607242769472	0.340193278607061	0.637479775513881	0.63132359561566	0.775334308498089	0.765971530447897	0.94466030132866	0.944943378161894	0.983247644005324	0.983205651996442	contigs	0.018542672238546	0.038417288820612	0.017906819086639	0.037621665295411	0.03139617915806	0.014569151799768	0.033351945127831	0.015983576152831	Kraken	6.124582647108	6.12446674023443	8.29214332621518	8.29164619346663	0	0	0	0	0	0	family	
13	0.310872079823189	0.31087483184934	0.222386455133615	0.222395112938074	0.397189514907492	0.395643013214171	0.664783604787657	0.659598252055847	0.105367411388045	0.567484405920285	0.10048423364636	0.541215451114227	0.157129452410285	0.068998940794744	0.166703471187914	0.073441858571531	0	0	0	0	0	0	0	0	0	0	0	0	0.310872079823189	0.31087483184934	0.222386455133615	0.222395112938074	0.126144925419091	0.123038012316024	0.125388034295183	0.12933342853363	0.400944225458885	0.399516810699574	0.339083342740922	0.337931294153511	0.435496365883602	0.441127989533958	0.286518581238021	0.296696428487132	0.550699873367137	0.556254072538187	0.311692006667106	0.316214963134173	0.564503634116397	0.558872010466042	0.713481418761979	0.703303571512868	0.938554434085134	0.93935277589169	0.985512604645293	0.985588715608616	contigs	0.009090550483241	0.031997274115648	0.008769983695401	0.031338152950345	0.012759720349694	0.005941124457557	0.013459192750508	0.006281070818819	Kraken	6.124582647108	6.12446674023443	8.29214332621518	8.29164619346663	0	0	0	0	0	0	genus	
14	0.141255875798199	0.141259711115656	0.128766289919261	0.128775346597515	0.259402372164024	0.258792396419273	0.503607912646739	0.497874098015286	0.052175246914039	0.383874468902692	0.051027062483187	0.375416971645327	0.038749020712722	0.023668905806358	0.038934231823658	0.02384070058748	0	0	0	0	0	0	0	0	0	0	0	0	0.141255875798199	0.141259711115656	0.128766289919261	0.128775346597515	0.044470849777149	0.04458857245519	0.044167872312382	0.044834222302614	0.189980679309206	0.189360172654102	0.202947914726013	0.20225045357808	0.709979722732842	0.712868411807462	0.521241909751493	0.529027858840622	0.487055171208179	0.491968550046585	0.268958984802582	0.273424551780309	0.290020277267158	0.287131588192538	0.478758090248507	0.470972141159378	0.908753465546459	0.91019696547556	0.98852634026102	0.988639647708265	contigs	0.004528591227562	0.026519604874931	0.004462164774987	0.026243672322903	0.003332712785795	0.002040839424397	0.003384472242001	0.002074991289721	Kraken	6.124582647108	6.12446674023443	8.29214332621518	8.29164619346663	0	0	0	0	0	0	species	
15	0.483548705445125	0.483570094582598	0.490007546410424	0.490047793932686	0.977414247234478	0.976695268220499	0.986610876502886	0.985630054283252	0.076585505111994	0.468538535694162	0.076106629794803	0.465605840615294	0.415848774496849	0.082448746190174	0.402846701919947	0.079961942017699	0	0	0	0	0	0	0	0	0	0	0	0	0.483548705445125	0.483570094582598	0.490007546410424	0.490047793932686	0.129349193440972	0.140222528105006	0.128026272193627	0.136484405478274	0.628200434567101	0.626024148513515	0.64314173988492	0.640338790514707	0.103664157199984	0.112540834698565	0.064502124586032	0.076408142211839	0.539472686860979	0.544892783228339	0.523793328973185	0.530589123107109	0.896335842800016	0.887459165301435	0.935497875413967	0.923591857788161	0.998455447555403	0.998435593190949	0.999329981915651	0.999298060927634	contigs	0.00833254549029	0.038353980249525	0.008294790079563	0.038231547711548	0.034455304669645	0.008462668419298	0.034340213230098	0.008351182497771	Kraken	6.124582647108	6.12446674023443	8.29214332621518	8.29164619346663	0	0	0	0	0	0	strain	
16	0.450493957011487	0.45093722171081	0.254738277142731	0.256044443460076	0.779378524266256	0.779914435460179	0.795983536271218	0.823895721860628	0.259850649824626	0.474601664680846	0.184606781573551	0.397994707682864	0.968565798080805	0.653739715310998	0.991408260716919	0.730511339075978	0	0	0	0	0	0	0	0	0	0	0	0	0.450493957011487	0.45093722171081	0.254738277142731	0.256044443460076	0.409767310521359	0.549950507277903	0.311255692580125	0.515264668168307	0.610911020634115	0.611183617173036	0.405094165266322	0.406715896266025	0.051245620248503	0.05189494336678	0.011394635530001	0.011726395356685	0.474826748235389	0.47561946701573	0.257674382820387	0.259082547846137	0.948754379751498	0.94810505663322	0.98860536447	0.988273604643315	0.902783883582256	0.902714103509535	0.977471099893546	0.9774637601513	contigs	0.214453132806458	0.234320330697863	0.181418335417462	0.228440613561628	0.030940796672431	0.228783270077947	0.002948243068353	0.243817144818092	Kraken cami1	6.69618575471275	6.69505267841007	8.96976463670137	8.96572128784324	0	0	0	0	0	0	superkingdom	
17	0.36107548347809	0.364009108115726	0.239689775782374	0.24787679879996	0.873170988741611	0.873174940453855	0.965082845639272	0.96567348710644	0.095366366911885	0.55957336087838	0.082012577276635	0.531345121433996	0.7453250686048	0.31670188011638	0.817895351491515	0.364386357039058	0	0	0	0	0	0	0	0	0	0	0	0	0.36107548347809	0.364009108115726	0.239689775782374	0.24787679879996	0.169096391275847	0.404480070102276	0.149076819025738	0.432305702731054	0.49114643306717	0.493826168738417	0.383441473352975	0.393852164984074	0.232305389021178	0.232436689584759	0.042017492045628	0.041948563915425	0.470337394993191	0.474239848591515	0.250202664236736	0.258730157342071	0.767694610978822	0.76756331041524	0.957982507954372	0.958051436084575	0.939255292671922	0.939594698318914	0.983480060098684	0.984191106717219	contigs	0.041031812171507	0.099925876714171	0.035329758033406	0.097149500558578	0.157309956075559	0.069179347411804	0.163636718426361	0.076676571169296	Kraken cami1	6.69618575471275	6.69505267841007	8.96976463670137	8.96572128784324	0	0	0	0	0	0	phylum	
18	0.374845373205681	0.378132276426036	0.235929281936504	0.24453642238408	0.869222988388773	0.868181144113521	0.949771120398824	0.949734048325561	0.118981918600968	0.616169722965311	0.100959896483357	0.577882334008674	0.849726555767166	0.319468494607989	0.87434206141738	0.355580191943435	0	0	0	0	0	0	0	0	0	0	0	0	0.374845373205681	0.378132276426036	0.235929281936504	0.24453642238408	0.208735855144276	0.420775488049852	0.181017752085202	0.440260868614809	0.509236788058012	0.51208591817028	0.378002011523964	0.388990988363615	0.206147176046236	0.206989529547554	0.049808021737846	0.049553355109766	0.472184971691318	0.476831379301078	0.248296436229661	0.25728579683957	0.793852823953764	0.793010470452446	0.950191978262154	0.950446644890234	0.963668488777152	0.963909314762643	0.985556050760036	0.986325597559499	contigs	0.032900721252786	0.071171441766345	0.029180341589899	0.070566442299688	0.076674988578253	0.049912437600464	0.077675998773811	0.05341781475782	Kraken cami1	6.69618575471275	6.69505267841007	8.96976463670137	8.96572128784324	0	0	0	0	0	0	class	
19	0.351464871333362	0.353625560856695	0.22748694714512	0.233565155561824	0.81996784027222	0.818660848239852	0.913689223081077	0.911703033833444	0.185385151626979	0.611860806042627	0.168999343425985	0.573903348896421	0.78115292993089	0.298176071637821	0.860617609156998	0.338731995524677	0	0	0	0	0	0	0	0	0	0	0	0	0.351464871333362	0.353625560856695	0.22748694714512	0.233565155561824	0.299655351656057	0.400955732695053	0.28252023341982	0.426017746953008	0.478979262438783	0.480456939746281	0.364810421041298	0.372370639319051	0.24829638823256	0.250854438541508	0.079565083520275	0.082174888927889	0.467557779198349	0.472038518346463	0.247151583530926	0.254476754606328	0.75170361176744	0.749145561458492	0.920434916479725	0.917825111072111	0.961061297895827	0.961361050555116	0.988738586425955	0.989055703163619	contigs	0.027582408080528	0.048447686218133	0.025802736330482	0.047715750793296	0.041583204532355	0.032455217618579	0.040641684962459	0.035418084476256	Kraken cami1	6.69618575471275	6.69505267841007	8.96976463670137	8.96572128784324	0	0	0	0	0	0	order	
20	0.365106372976166	0.366217140502665	0.243388966466513	0.246450335417214	0.709622773434819	0.70661753919881	0.889443700740093	0.885236504547454	0.177592074408363	0.609210015750703	0.166757368583779	0.576860090632272	0.752828644979947	0.226635501435826	0.797256398858544	0.248107690751125	0	0	0	0	0	0	0	0	0	0	0	0	0.365106372976166	0.366217140502665	0.243388966466513	0.246450335417214	0.287389130422466	0.330368745325403	0.275822573598639	0.34697942926511	0.490736993383515	0.490614938374879	0.384541172549865	0.387736843508325	0.251819017927517	0.257000710261152	0.084545732865885	0.091342740504082	0.487992052357186	0.492890296882227	0.265866876374346	0.271224747110845	0.748180982072483	0.742999289738848	0.915454267134115	0.908657259495918	0.965160149611965	0.965318664305772	0.992004302185241	0.991973525630838	contigs	0.01899748724755	0.038921786370711	0.018086604745191	0.03802107004497	0.035397905910512	0.020670965064821	0.035850485870626	0.022013539868483	Kraken cami1	6.69618575471275	6.69505267841007	8.96976463670137	8.96572128784324	0	0	0	0	0	0	family	
21	0.307716659786501	0.307787998666006	0.212932431210012	0.213133053437462	0.545804340036814	0.543953404341216	0.869204602748449	0.862909066230012	0.101390476269799	0.555506953386225	0.095866069436356	0.525293910015307	0.515467704695552	0.10873425022966	0.526255076387574	0.111660240163559	0	0	0	0	0	0	0	0	0	0	0	0	0.307716659786501	0.307787998666006	0.212932431210012	0.213133053437462	0.169450670165361	0.181869573115923	0.16218707894068	0.184171636631281	0.42325212064857	0.42202366971326	0.342361906133372	0.341508614421406	0.322297240612261	0.328895589689911	0.126977579375523	0.141234932041568	0.454058443062122	0.458629080568537	0.243902591937673	0.248185518239755	0.677702759387739	0.671104410310089	0.873022420624477	0.858765067958432	0.960236947041096	0.960705332650537	0.993644860698452	0.993516013695302	contigs	0.008921536919667	0.032268233094717	0.008558907474899	0.031514225114853	0.030557233175665	0.008981942087228	0.031374230046822	0.009220074459625	Kraken cami1	6.69618575471275	6.69505267841007	8.96976463670137	8.96572128784324	0	0	0	0	0	0	genus	
22	0.141138125639275	0.141142179421325	0.128441810998368	0.128452116873622	0.326979064939581	0.326924643845556	0.829523488603093	0.822630910128957	0.045971185563033	0.383735489227229	0.04493195796001	0.37505891976339	0.113061165727388	0.037271480547579	0.111772969959901	0.037025039287298	0	0	0	0	0	0	0	0	0	0	0	0	0.141138125639275	0.141142179421325	0.128441810998368	0.128452116873622	0.065364761162777	0.06794371993318	0.064097261700289	0.067396805598943	0.203579257649246	0.203013610752373	0.212680753404858	0.211819445874961	0.634893360996822	0.638532697570229	0.382006145708898	0.3965002941854	0.386566856260442	0.390470115754792	0.20783671246327	0.212845367836987	0.365106639003178	0.361467302429771	0.617993854291102	0.6034997058146	0.935691440133671	0.936849799657612	0.996428964563542	0.996426248281583	contigs	0.004005494033024	0.026532872385284	0.003945044528109	0.026249848305732	0.009290884917401	0.00317113143784	0.009257345547278	0.003165778895531	Kraken cami1	6.69618575471275	6.69505267841007	8.96976463670137	8.96572128784324	0	0	0	0	0	0	species	
23	0.483932880123338	0.484125459388097	0.490357699854103	0.490758162700609	0.975773270955858	0.975003777143607	0.991078647506534	0.99040754729291	0.10491361903708	0.469108104912435	0.104295979332553	0.466291741245273	0.640745331405841	0.123240941183603	0.627688565902786	0.121131062214367	0	0	0	0	0	0	0	0	0	0	0	0	0.483932880123338	0.484125459388097	0.490357699854103	0.490758162700609	0.180304713190848	0.195200194031853	0.178870972407291	0.192305826693046	0.631733661276648	0.629812485941662	0.647354417583994	0.645420825652745	0.090486475081543	0.099073185834244	0.047773314158877	0.057572806529401	0.532078816713281	0.537363803336667	0.514958997836696	0.520738542033506	0.909513524918457	0.900926814165756	0.952226685841123	0.942427193470599	0.998277118860319	0.998254566961764	0.999539824856785	0.99951551977181	contigs	0.011251863013364	0.038373375012588	0.011203735358616	0.038257251102393	0.042075239699547	0.012364485897029	0.042526654433104	0.012292870413369	Kraken cami1	6.69618575471275	6.69505267841007	8.96976463670137	8.96572128784324	0	0	0	0	0	0	strain	
24	0.272927185190845	0.272927185190845	0.019875176894903	0.019875176894903	0	0	0	0	0.167256259342344	0.167256259342344	0.01457739657102	0.01457739657102	0.469737995768599	0.469737995768599	0.219637951634564	0.219637951634564	0	0	0	0	0	0	0	0	0	0	0	0	0.272927185190845	0.272927185190845	0.019875176894903	0.019875176894903	0.24667921072394	0.24667921072394	0.02734021956762	0.02734021956762	0.345254556829193	0.345254556829193	0.036451806782976	0.036451806782976	0.530262004231401	0.530262004231401	0.780362048365436	0.780362048365436	0.581020031697189	0.581020031697189	0.090490631272921	0.090490631272921	0.469737995768599	0.469737995768599	0.219637951634564	0.219637951634564	0.501681649921626	0.501681649921626	0.657013681968621	0.657013681968621	contigs	0.167256259342344	0.167256259342344	0.01457739657102	0.01457739657102					PhyloPythiaS+	7.95087040605348	7.94111093795789	7.74220801974459	7.73031376408514	0	0	0	0	0	0	superkingdom	
25	0.262904840948259	0.263031224199867	0.015605073354106	0.015673866967726	0.553573212781022	0.553812538818544	0.135633689379036	0.13728954480048	0.100566853196394	0.102836915149139	0.008402089926486	0.008955068041675	0.453614462547981	0.519760049824431	0.261693170569947	0.363219093556136	0	0	0	0	0	0	0	0	0	0	0	0	0.262904840948259	0.263031224199867	0.015605073354106	0.015673866967726	0.164634128819551	0.171701833284639	0.016281437506417	0.017479191370332	0.383211463560431	0.38335416292193	0.029819395306957	0.029948591129603	0.293482414770056	0.293424944193912	0.66540831760397	0.664501556757701	0.372113654980993	0.372262255847387	0.046639155051186	0.046718151107504	0.706517585229944	0.706575055806088	0.33459168239603	0.335498443242299	0.774306592782608	0.774457463570675	0.58041047964458	0.581597262760693	contigs	0.049415565540771	0.049224185704094	0.004068355860075	0.004045767353532	0.155398607843575	0.143088749601872	0.095802744861086	0.128165090099228	PhyloPythiaS+	7.95087040605348	7.94111093795789	7.74220801974459	7.73031376408514	0	0	0	0	0	0	phylum	
26	0.271901362950729	0.272385674491366	0.014153292872166	0.014384443668727	0.801234124016427	0.801304078696784	0.251751689283419	0.253770192226487	0.130162460346707	0.135417247731747	0.00978966298648	0.011257544340608	0.732849081425212	0.766604833073469	0.482215042798117	0.580652555191466	0	0	0	0	0	0	0	0	0	0	0	0	0.271901362950729	0.272385674491366	0.014153292872166	0.014384443668727	0.221061793229968	0.230175111677963	0.019189746360154	0.022086873975365	0.408116075605803	0.408664143496401	0.027372888591736	0.027812454094449	0.182179551506893	0.182157491449765	0.58507262454529	0.581709772075884	0.332470731750138	0.333053945770337	0.034110289437171	0.034388667744197	0.817820448493107	0.817842508550235	0.41492737545471	0.418290227924116	0.932761748253229	0.932952270824748	0.778789596593099	0.781986272876301	contigs	0.040823258674869	0.0405203305716	0.00360440080455	0.003637652215122	0.098937511605174	0.076000443356239	0.102861885872183	0.092426466252175	PhyloPythiaS+	7.95087040605348	7.94111093795789	7.74220801974459	7.73031376408514	0	0	0	0	0	0	class	
27	0.248066395488604	0.248886391959111	0.010040047363426	0.010449923166651	0.925735107633889	0.925416522238571	0.48093697762317	0.483563582240154	0.13237922649507	0.138023353686995	0.020155953141568	0.022107569156103	0.7901951070834	0.720248060134482	0.584638823648536	0.581685104997562	0	0	0	0	0	0	0	0	0	0	0	0	0.248066395488604	0.248886391959111	0.010040047363426	0.010449923166651	0.226768539398115	0.231654115808619	0.03896843420753	0.042596222962904	0.390041436944739	0.390672145987331	0.019731225497287	0.020525700553656	0.087991908139232	0.092134437925085	0.432158465859049	0.426715453182675	0.272000213268365	0.274144545575982	0.017681072552425	0.018228161258951	0.912008091860768	0.907865562074915	0.567841534140951	0.573284546817324	0.975180845915503	0.975350282130583	0.873124078460255	0.879835751874081	contigs	0.029491788586986	0.029334218584517	0.013048125429143	0.013065898688682	0.076816426199212	0.073443900907758	0.078877131103498	0.070669372546483	PhyloPythiaS+	7.95087040605348	7.94111093795789	7.74220801974459	7.73031376408514	0	0	0	0	0	0	order	
28	0.251851872197598	0.253027830505597	0.008808799361249	0.009418159371713	0.973293242390976	0.972162525343576	0.745269164723153	0.746211137219112	0.127731877910346	0.134257899172394	0.032421983348927	0.034542461985392	0.928046698135109	0.747156677082035	0.80068181202389	0.673569468653857	0	0	0	0	0	0	0	0	0	0	0	0	0.251851872197598	0.253027830505597	0.008808799361249	0.009418159371713	0.224556834606937	0.22761521880869	0.062320427589962	0.06571488703627	0.399501513393736	0.400603754662168	0.017419990053952	0.018611541571639	0.034423705452369	0.038766557722815	0.223469302286624	0.220176749796764	0.260830628941227	0.263232446330797	0.011343787679209	0.012077300041078	0.965576294547631	0.961233442277185	0.776530697713376	0.779823250203236	0.995487871407445	0.995368434755106	0.953155691619778	0.957842368056136	contigs	0.024063544697676	0.024317840027178	0.012569487669619	0.012763156286003	0.033579341118278	0.062016951025461	0.043289974499899	0.05756663717315	PhyloPythiaS+	7.95087040605348	7.94111093795789	7.74220801974459	7.73031376408514	0	0	0	0	0	0	family	
29	0.21279595366233	0.213686745672929	0.006172118943903	0.006597246997309	0.96491692488244	0.963090514390542	0.794592390907897	0.792513495461733	0.123435718831969	0.134469286126344	0.045411804800002	0.049416730924059	0.845214173621719	0.633201464013524	0.725279728787765	0.564328075733852	0	0	0	0	0	0	0	0	0	0	0	0	0.21279595366233	0.213686745672929	0.006172118943903	0.006597246997309	0.215412441380007	0.221829863452636	0.085471969091919	0.090875713713291	0.347269264627431	0.348137430462175	0.012246596481044	0.013081781260517	0.056498966337546	0.061130074706703	0.225866846401558	0.234303534303534	0.225538654511384	0.227599947464686	0.007972942271253	0.008616008161026	0.943501033662454	0.938869925293298	0.774133153598442	0.765696465696466	0.996427479417963	0.996298743557515	0.974756502086776	0.977609476351636	contigs	0.019701016898234	0.020848835378521	0.011723356011148	0.012480340886639	0.047827100391452	0.053199177041361	0.049394618572454	0.049842739254595	PhyloPythiaS+	7.95087040605348	7.94111093795789	7.74220801974459	7.73031376408514	0	0	0	0	0	0	genus	
30	0.057724642656901	0.0579481797814	0.002567099836137	0.002667347895431	0.734057593832765	0.732127103144015	0.769380155977045	0.753201409890907	0.041404058951619	0.04691053719563	0.022246575180809	0.025280091955803	0.489596804381398	0.316119224034963	0.426388168790946	0.285442104302814	0	0	0	0	0	0	0	0	0	0	0	0	0.057724642656901	0.0579481797814	0.002567099836137	0.002667347895431	0.076351269276256	0.081697558718479	0.042286856203953	0.046446650620525	0.103603662257048	0.10390068509944	0.005112239148308	0.005310099291583	0.495131294227271	0.498081112659133	0.402399127589967	0.424150485436893	0.114335949122752	0.115453275903614	0.004295676185652	0.004632022478051	0.504868705772729	0.501918887340867	0.597600872410033	0.575849514563107	0.973478576010637	0.973703265102721	0.966901012425479	0.968481433427185	contigs	0.009084665338895	0.010151148542283	0.00632043485293	0.007074978302246	0.06027000911014	0.040637606610746	0.058605192943069	0.038916869629599	PhyloPythiaS+	7.95087040605348	7.94111093795789	7.74220801974459	7.73031376408514	0	0	0	0	0	0	species	
31	0.839088199426239	0.839610983198334	0.687899397799626	0.689330585390987	0.988628793276294	0.988635360038668	0.997503457246767	0.997495273721649	0.429166115472947	0.718171747917944	0.372930015870368	0.620744249988174	0.997250119682061	0.988703694961249	0.99929593734094	0.953307942493672	0	0	0	0	0	0	0	0	0	0	0	0	0.839088199426239	0.839610983198334	0.687899397799626	0.689330585390987	0.600085654482715	0.831998683612798	0.54315755929208	0.75189428482414	0.91129466558789	0.911601977804231	0.814865931994653	0.815866309099846	0.002901533669652	0.002903722878254	0.000690064218308	0.000698764783269	0.841529926842993	0.842056080704649	0.688374420355911	0.689812602144421	0.997098466330348	0.997096277121746	0.999309935781692	0.999301235216731	0.994314501270851	0.994317732254939	0.998751786946136	0.998747645709948	contigs	0.251229316586751	0.170591831723024	0.227364727893605	0.202895872498066	0.002205321062296	0.008271521658337	0.000167918659848	0.045470378209529	DIAMOND	2.35833958303391	2.35659862541712	3.11032708467119	3.10776210202871	0	0	0	0	0	0	superkingdom	
32	0.789934663695837	0.796365259884375	0.623908520817793	0.64034786248623	0.968249303777315	0.967496068803966	0.956540262621725	0.95659291127206	0.078646245021365	0.829933623280417	0.072505967679927	0.802383998052652	0.991753540906308	0.274510287618897	0.985117449599744	0.276325184114855	0	0	0	0	0	0	0	0	0	0	0	0	0.789934663695837	0.796365259884375	0.623908520817793	0.64034786248623	0.145735627014025	0.412561136664314	0.135070560644978	0.411081892428507	0.876567059121884	0.880193150344186	0.762658913998079	0.774769980099476	0.015457881633515	0.016254757994831	0.019228231343639	0.019377239243374	0.802337095549012	0.809523874556326	0.636140375117583	0.653001223418629	0.984542118366485	0.983745242005169	0.980771768656361	0.980622760756627	0.985675057382479	0.985456141359576	0.979813747174448	0.980292626933724	contigs	0.031045767703594	0.056567017926588	0.028865207288697	0.056854191681893	0.004826835923948	0.053741716402636	0.009003470729441	0.054050368087647	DIAMOND	2.35833958303391	2.35659862541712	3.11032708467119	3.10776210202871	0	0	0	0	0	0	phylum	
33	0.722632948304888	0.727627724127963	0.563719885128614	0.57671977072657	0.954087609547463	0.953076464329554	0.926019216372766	0.925522258444527	0.100715777071126	0.825915659702189	0.091488141508438	0.78901058450703	0.979622695656672	0.279062843891733	0.975700628416982	0.278899600805734	0	0	0	0	0	0	0	0	0	0	0	0	0.722632948304888	0.727627724127963	0.563719885128614	0.57671977072657	0.182652869485344	0.417170781262387	0.167290060911572	0.412122180454831	0.829140620838633	0.831909118412868	0.71008401343062	0.720162973523213	0.027528402164556	0.028918420576152	0.04089383712736	0.041415447504093	0.743089001173243	0.74929618638186	0.587755461230907	0.601636829244683	0.972471597835444	0.971081579423847	0.95910616287264	0.958584552495907	0.988031320275182	0.987923124894772	0.980528090179513	0.981113227793238	contigs	0.024130460330912	0.03662716238074	0.022379923329628	0.039352010033663	0.00908698173075	0.039030097241546	0.010924850203512	0.039013925239035	DIAMOND	2.35833958303391	2.35659862541712	3.11032708467119	3.10776210202871	0	0	0	0	0	0	class	
34	0.675206849438782	0.679135447514031	0.511509723899432	0.522983308211913	0.948662285626644	0.946367972552606	0.901146245355383	0.897734625795355	0.132518580798986	0.780410975185492	0.122309963472193	0.740504275591453	0.943548418467427	0.267063921311509	0.933697493170245	0.265924675962499	0	0	0	0	0	0	0	0	0	0	0	0	0.675206849438782	0.679135447514031	0.511509723899432	0.522983308211913	0.232397606126148	0.397946749778118	0.216287310407504	0.391320935733129	0.796115439324026	0.797486633693799	0.6657686027815	0.674377228244191	0.030228602903222	0.03420712883155	0.04675630879719	0.050866238302184	0.696253623751083	0.703189542797504	0.536599117959024	0.551011173890177	0.969771397096778	0.96579287116845	0.95324369120281	0.949133761697816	0.990946072569426	0.99068848939502	0.982641179369365	0.98281158493527	contigs	0.018369518708058	0.025459221447737	0.017246714427888	0.027028322141079	0.025382124368813	0.026284967942035	0.028533109534916	0.026276121239315	DIAMOND	2.35833958303391	2.35659862541712	3.11032708467119	3.10776210202871	0	0	0	0	0	0	order	
35	0.560647662765673	0.563503811641822	0.416474130228849	0.425130906302664	0.94443361866297	0.941775731560989	0.898335296157796	0.894699327303304	0.121488341555509	0.688060962545424	0.114855501501082	0.658198528585786	0.762053581377005	0.212884800580464	0.75130137657437	0.212196190204695	0	0	0	0	0	0	0	0	0	0	0	0	0.560647662765673	0.563503811641822	0.416474130228849	0.425130906302664	0.209567024212387	0.32516434794137	0.199250502002907	0.320928464176172	0.703120666942303	0.7040778812535	0.573354773785211	0.580395926242047	0.057324611937227	0.061899577280692	0.080148605477081	0.085678262403642	0.594740957348872	0.60068602251385	0.452762405654506	0.464968608774721	0.942675388062773	0.938100422719308	0.919851394522918	0.914321737596358	0.993023146642262	0.992805211881022	0.985487877887236	0.985629121059778	contigs	0.012679104190712	0.02539554331796	0.012139865460866	0.025578515403394	0.038925404041645	0.017253245201169	0.038999157505334	0.017229820453592	DIAMOND	2.35833958303391	2.35659862541712	3.11032708467119	3.10776210202871	0	0	0	0	0	0	family	
36	0.418441827313878	0.419491756897541	0.331554801364589	0.334593690729492	0.888058462173028	0.885725703867577	0.862021908930441	0.859775789228177	0.080301939819085	0.578431172124156	0.076571210397807	0.553947117861134	0.666032762187727	0.136647638557718	0.647371691072829	0.133433619243166	0	0	0	0	0	0	0	0	0	0	0	0	0.418441827313878	0.419491756897541	0.331554801364589	0.334593690729492	0.143323692822874	0.221070048666573	0.136944595663619	0.21506325334897	0.566174477525598	0.565750330434626	0.477571858165885	0.479503771004934	0.124850197210387	0.131410038998458	0.146582044832973	0.154176072064403	0.478137372573313	0.482957178567709	0.388502256552241	0.395583146419296	0.875149802789613	0.868589961001542	0.853417955167027	0.845823927935597	0.987781041952913	0.987729726094524	0.981645249065295	0.981913254194136	contigs	0.006762848253871	0.023477534130404	0.006496525150576	0.022999211642117	0.031514522702975	0.009517106132615	0.031564168047261	0.009393586546581	DIAMOND	2.35833958303391	2.35659862541712	3.11032708467119	3.10776210202871	0	0	0	0	0	0	genus	
37	0.174686857117437	0.17476853804981	0.129023312202125	0.129254725946478	0.870999633089831	0.869498025437221	0.799597469348762	0.796980014115543	0.02356136913439	0.310631331438581	0.022809209865298	0.300848540145271	0.331618735028861	0.058918957458704	0.324357517421834	0.0578449181557	0	0	0	0	0	0	0	0	0	0	0	0	0.174686857117437	0.17476853804981	0.129023312202125	0.129254725946478	0.043996785497327	0.099050520333687	0.042621242790601	0.097033044674949	0.2779359192133	0.277493482223509	0.213657279016579	0.213231522928851	0.320363230797437	0.326836327877379	0.378977780049244	0.391288809142118	0.257029732694424	0.259622652391103	0.207759574548486	0.212341629146514	0.679636769202563	0.673163672122621	0.621022219950756	0.608711190857882	0.988842431909232	0.988907808082396	0.98754306913758	0.98786111117143	contigs	0.001887564848321	0.01799135457681	0.001833317721516	0.017519473709989	0.017450134301755	0.003468716231319	0.017299565881032	0.003431991437338	DIAMOND	2.35833958303391	2.35659862541712	3.11032708467119	3.10776210202871	0	0	0	0	0	0	species	
38	0.008706527361491	0.008708533577856	0.013621773909544	0.013627811037883	0.941191009945871	0.938840168243605	0.955791630951153	0.950236467984378	0.007906621283396	0.013624581752327	0.008405237997411	0.014533902836194	0.437163360577466	0.295526146780453	0.43786872148633	0.295993677065867	0	0	0	0	0	0	0	0	0	0	0	0	0.008706527361491	0.008708533577856	0.013621773909544	0.013627811037883	0.015532321980515	0.026048265620267	0.016493863186516	0.027707318905199	0.017234478197774	0.017236667407989	0.026833372644548	0.026838775134105	0.159730228735864	0.167925128569856	0.108873091100579	0.122570614148743	0.010361585837359	0.010466045637081	0.015286008955074	0.015531518840871	0.840269771264136	0.832074871430144	0.891126908899421	0.877429385851257	0.996433726625118	0.996353717319966	0.997871129290528	0.9976639279181	contigs	0.001913683105211	0.003202562088097	0.001960507687349	0.003275753170778	0.032668597559796	0.024465026618251	0.032706307938706	0.024494940896093	DIAMOND	2.35833958303391	2.35659862541712	3.11032708467119	3.10776210202871	0	0	0	0	0	0	strain	
39	0.844985835788545	0.845468669663546	0.693812991488062	0.695233396358821	0.993803662367095	0.993806535061364	0.997023603619562	0.997025355492131	0.432600195219802	0.666521517675374	0.37734996528756	0.609401003185103	0.998456203222379	0.997641920326624	0.999178940859427	0.998497908199793	0	0	0	0	0	0	0	0	0	0	0	0	0.844985835788545	0.845468669663546	0.693812991488062	0.695233396358821	0.603655242242886	0.79914002633181	0.547812889312627	0.756870500535494	0.915308094079495	0.915590717832316	0.818960019318527	0.819947289876123	0.001602247290135	0.00160361224042	0.000810427868982	0.000814632389281	0.846341884779961	0.846826651247	0.694375732933576	0.695800217752671	0.998397752709865	0.99839638775958	0.999189572131018	0.999185367610719	0.996901872373532	0.996903286841918	0.998511843267419	0.998512679801495	contigs	0.253546120835262	0.227028369702416	0.231003628567065	0.220984297790795	0.000938197345251	0.000977988439195	0.000144687650765	0.000686136761574	MEGAN	2.29904013788414	2.2815078361246	3.25625840901796	3.21306659037812	0	0	0	0	0	0	superkingdom	
40	0.815095877383676	0.821092417569198	0.65294408973952	0.668134943920087	0.968143582850732	0.968335455486899	0.9567701466191	0.957750847123822	0.276878617759715	0.648303916630779	0.258116195028846	0.625124504899166	0.992702470556363	0.993400977052194	0.982093035827252	0.990160002897235	0	0	0	0	0	0	0	0	0	0	0	0	0.815095877383676	0.821092417569198	0.65294408973952	0.668134943920087	0.432990205074433	0.784581622051432	0.408792502531327	0.766395367001328	0.891810904950523	0.89541995241806	0.783932168997246	0.794897760656485	0.015533254672974	0.015456470325235	0.019335219397213	0.018976145851301	0.827956740288787	0.833982848722228	0.665817823434195	0.681058815333164	0.984466745327026	0.984543529674765	0.980664780602787	0.981023854148699	0.985628541139526	0.985814285251461	0.980015710667025	0.980861229502453	contigs	0.097646550825024	0.098042055612784	0.092121591881139	0.095708286784917	0.004894636138075	0.002336813906428	0.011337373990292	0.005040655323853	MEGAN	2.29904013788414	2.2815078361246	3.25625840901796	3.21306659037812	0	0	0	0	0	0	phylum	
41	0.759946296867009	0.765839992037913	0.594716678937997	0.607835366658551	0.952502309998423	0.952628959185686	0.920804080806349	0.921410650409766	0.339439431934834	0.557268197239451	0.309070040901888	0.523946022728199	0.976919909369618	0.985074820072772	0.970588134013686	0.981209771820453	0	0	0	0	0	0	0	0	0	0	0	0	0.759946296867009	0.765839992037913	0.594716678937997	0.607835366658551	0.503821606573851	0.711840184662117	0.468843508616336	0.683119925883197	0.852722318307239	0.856500271643884	0.733377476664233	0.743534976531844	0.0286989814723	0.028492490016365	0.043643914489589	0.042760797951488	0.782400391197919	0.788300640157495	0.621856950510849	0.634987958451524	0.971301018527699	0.971507509983635	0.956356085510411	0.957239202048512	0.987596965049168	0.987780551375122	0.979288771318038	0.980133200824815	contigs	0.070965649618756	0.071937006312215	0.066625494473513	0.069808212310114	0.010611785149219	0.00690516114411	0.013168324465047	0.008611671146826	MEGAN	2.29904013788414	2.2815078361246	3.25625840901796	3.21306659037812	0	0	0	0	0	0	class	
42	0.72257911142222	0.728055162124949	0.538998433951232	0.554139451794786	0.94722747389591	0.946184181443693	0.896302713103015	0.894694188962611	0.386160479321871	0.558621671708447	0.349315297379153	0.518736596732674	0.982656253144783	0.93963873151742	0.967351827767499	0.936180130287891	0	0	0	0	0	0	0	0	0	0	0	0	0.72257911142222	0.728055162124949	0.538998433951232	0.554139451794786	0.554439466909815	0.700682682225481	0.513282036033571	0.667572082573806	0.827851449375254	0.830921276579148	0.687900040536066	0.699762985521636	0.030971001148381	0.032362247888424	0.049525608636451	0.050792735281476	0.745673361972178	0.75240466852	0.567083594096613	0.583791835979162	0.969028998851619	0.967637752111576	0.950474391363549	0.949207264718524	0.990672276671224	0.990629847770939	0.98149689569577	0.982115209172056	contigs	0.049133094011402	0.048020003410146	0.046043134964907	0.046376165844389	0.004567522153927	0.025991303372562	0.009836051355976	0.026174530403225	MEGAN	2.29904013788414	2.2815078361246	3.25625840901796	3.21306659037812	0	0	0	0	0	0	order	
43	0.620934744082396	0.625258008424769	0.438033249393253	0.450514678006759	0.949224399138166	0.948589901555099	0.890703742068951	0.889826705841836	0.36901419443361	0.490334580760696	0.33642275366015	0.454495558713673	0.819150540340811	0.784155148940025	0.801092051697389	0.771817749348347	0	0	0	0	0	0	0	0	0	0	0	0	0.620934744082396	0.625258008424769	0.438033249393253	0.450514678006759	0.508815264275807	0.60337620185788	0.473849821906424	0.572101333173277	0.750090976774818	0.7524118614603	0.59307784041863	0.603886079047408	0.05291195545377	0.0555157251314	0.081985069366314	0.084416294951758	0.655625152970755	0.662009972068362	0.477152641832185	0.492051874146255	0.94708804454623	0.9444842748686	0.918014930633686	0.915583705048242	0.993700834298589	0.993731675853392	0.983886921330591	0.984617484447699	contigs	0.037056589254499	0.037899465832149	0.03490853184169	0.036368437560172	0.041436269543494	0.039284347362561	0.041982874899337	0.039496170374913	MEGAN	2.29904013788414	2.2815078361246	3.25625840901796	3.21306659037812	0	0	0	0	0	0	family	
44	0.472943561192019	0.47760153637225	0.339560583583788	0.352337114604552	0.881066090916686	0.881147307899939	0.851973583537078	0.85275777186203	0.309498582255749	0.381020676898935	0.284418606837958	0.354467409892803	0.751598688056181	0.766217584589852	0.732216175508458	0.751789277307878	0	0	0	0	0	0	0	0	0	0	0	0	0.472943561192019	0.47760153637225	0.339560583583788	0.352337114604552	0.438449395521084	0.50895224214965	0.409696595392249	0.481777513294551	0.614041734896417	0.618047772359373	0.486075467908297	0.499492225516625	0.124872317734806	0.124496736984103	0.145010377428698	0.142275412371434	0.540428066414085	0.545516569209609	0.397151701751175	0.410781175783584	0.875127682265194	0.875503263015896	0.854989622571302	0.857724587628566	0.987561321561202	0.987785862367303	0.978317128981141	0.979710173727911	contigs	0.028261365718629	0.029050701287894	0.026494823281286	0.027549459170366	0.040243971742108	0.035945597083863	0.040591251764576	0.036331652660405	MEGAN	2.29904013788414	2.2815078361246	3.25625840901796	3.21306659037812	0	0	0	0	0	0	genus	
45	0.184468907188801	0.187044404785538	0.100637184160057	0.106798223766785	0.875158818071105	0.875334238596336	0.823067109595161	0.824250958036802	0.114900774978595	0.135148514257907	0.105736210711945	0.125490562059248	0.612447854314383	0.630991565810346	0.607039248673756	0.626226933601045	0	0	0	0	0	0	0	0	0	0	0	0	0.184468907188801	0.187044404785538	0.100637184160057	0.106798223766785	0.193499321399986	0.22261613730205	0.180101682971822	0.209082721442333	0.292070514284174	0.295544403474414	0.172690130308311	0.182297026546757	0.299078691113305	0.296195238047408	0.39200588662585	0.377975757399377	0.263180623630635	0.265761777835395	0.165523287062035	0.171694632544018	0.700921308886695	0.703804761952592	0.60799411337415	0.622024242600623	0.985699734491711	0.985976099895648	0.981279352930854	0.982600660363648	contigs	0.014748348933114	0.015814948259963	0.013835264456363	0.014945553726923	0.049395748019261	0.045925635146284	0.049435659022254	0.045976949880676	MEGAN	2.29904013788414	2.2815078361246	3.25625840901796	3.21306659037812	0	0	0	0	0	0	species	
46	0.010201473665706	0.010201473665706	0.008514363334507	0.008514363334507	0.999625331623129	0.999625331623129	0.999527968614053	0.999527968614053	0.001828869834198	0.001828869834198	0.001930858799965	0.001930858799965	0.999805768941895	0.999805768941895	0.999763481551561	0.999763481551561	0	0	0	0	0	0	0	0	0	0	0	0	0.010201473665706	0.010201473665706	0.008514363334507	0.008514363334507	0.003651061055774	0.003651061055774	0.003854273780882	0.003854273780882	0.020196870175042	0.020196870175042	0.01688492827597	0.01688492827597	0.000190788484886	0.000190788484886	0.00023629489603	0.00023629489603	0.010203420360817	0.010203420360817	0.00851637571062	0.00851637571062	0.999809211515114	0.999809211515114	0.99976370510397	0.99976370510397	0.999812665807987	0.999812665807987	0.999763984346343	0.999763984346343	contigs	0.00131994030499	0.00131994030499	0.001386330136132	0.001386330136132	0.000194231058105	0.000194231058105	0.000236518448439	0.000236518448439	MEGAN	2.29904013788414	2.2815078361246	3.25625840901796	3.21306659037812	0	0	0	0	0	0	strain	
47	0.783058816151386	0.786651822654513	0.783058816151386	0.786651822654513	0.999770135917916	0.999766805274856	0.999227108208341	0.999203112993721	0.128853749697818	0.603717218445664	0.128853749697818	0.603717218445664	0.999608917109153	0.451105975998998	0.999608917109153	0.451105975998998	0	0	0	0	0	0	0	0	0	0	0	0	0.783058816151386	0.786651822654513	0.783058816151386	0.786651822654513	0.227928333753141	0.514273857064944	0.227928333753141	0.514273857064944	0.877100007319334	0.879383796352121	0.877100007319334	0.879383796352121	0.000365889460115	0.000408405275411	0.000365889460115	0.000408405275411	0.783343056934134	0.786970405996709	0.783343056934134	0.786970405996709	0.999634110539885	0.999591594724589	0.999634110539885	0.999591594724589	1.00202772216557	1.00229872427434	0.999671823168366	0.999663177535716	short reads	0.055072577856945	0.108170793747769	0.055072577856945	0.108170793747769	0.000140049889081	0.095380930935355	0.000140049889081	0.095380930935355	Ganon	1.14989566415219	1.11880313629715	1.14989566415219	1.11880313629715	0	0	0	0	0	0	class	346
48	0.763118661794695	0.769796938281913	0.763118661794695	0.769796938281913	0.999749733980862	0.999655900208755	0.999394255348865	0.999138094211432	0.062504339899155	0.526471562677413	0.062504339899155	0.526471562677413	0.9985174149266	0.265907774372513	0.9985174149266	0.265907774372513	0	0	0	0	0	0	0	0	0	0	0	0	0.763118661794695	0.769796938281913	0.763118661794695	0.769796938281913	0.117400453462492	0.352950128944145	0.117400453462492	0.352950128944145	0.864449325306079	0.868596049161637	0.864449325306079	0.868596049161637	0.000447079447434	0.000804418760833	0.000447079447434	0.000804418760833	0.763451003753826	0.770406175572609	0.763451003753826	0.770406175572609	0.999552920552566	0.999195581239167	0.999552920552566	0.999195581239167	1.00079192614951	1.00131299164909	0.999759185279426	0.999662445744611	short reads	0.017689928064432	0.060765685808139	0.017689928064432	0.060765685808139	0.00074568340135	0.037891587827606	0.00074568340135	0.037891587827606	Ganon	1.14989566415219	1.11880313629715	1.14989566415219	1.11880313629715	0	0	0	0	0	0	family	348
49	0.78711484620967	0.793619302982656	0.78711484620967	0.793619302982656	0.999602451897007	0.999334439634765	0.999333582382856	0.998688546462755	0.038329158519373	0.480702549277627	0.038329158519373	0.480702549277627	0.986638225178898	0.146707534094532	0.986638225178898	0.146707534094532	0	0	0	0	0	0	0	0	0	0	0	0	0.78711484620967	0.793619302982656	0.78711484620967	0.793619302982656	0.073665734500195	0.224569671478697	0.073665734500195	0.224569671478697	0.879472381281124	0.883059148427743	0.879472381281124	0.883059148427743	0.00113704742341	0.002321098021423	0.00113704742341	0.002321098021423	0.788000993061248	0.795445768661697	0.788000993061248	0.795445768661697	0.99886295257659	0.997678901978577	0.99886295257659	0.997678901978577	1.00051560984826	1.00143839323954	0.999766727322326	0.999537310780641	short reads	0.008736389161565	0.047879670009559	0.008736389161565	0.047879670009559	0.012178157073912	0.018158311268648	0.012178157073912	0.018158311268648	Ganon	1.14989566415219	1.11880313629715	1.14989566415219	1.11880313629715	0	0	0	0	0	0	genus	349
50	0.774701212364381	0.78132835360729	0.774701212364381	0.78132835360729	0.99986219065468	0.999809279228285	0.999582733400829	0.999387010281152	0.079626592625101	0.558823163105359	0.079626592625101	0.558823163105359	0.99906523770843	0.35587615298809	0.99906523770843	0.35587615298809	0	0	0	0	0	0	0	0	0	0	0	0	0.774701212364381	0.78132835360729	0.774701212364381	0.78132835360729	0.14684251774062	0.43424504978192	0.14684251774062	0.43424504978192	0.871939084005844	0.876024244763562	0.871939084005844	0.876024244763562	0.000214761557183	0.000457796706921	0.000214761557183	0.000457796706921	0.774864654507471	0.781682969638797	0.774864654507471	0.781682969638797	0.999785238442817	0.999542203293079	0.999785238442817	0.999542203293079	1.00082070851805	1.00161534218747	0.999825604410808	0.999745703120517	short reads	0.028268692239075	0.075955544755371	0.028268692239075	0.075955544755371	0.000641901082821	0.057389841562383	0.000641901082821	0.057389841562383	Ganon	1.14989566415219	1.11880313629715	1.14989566415219	1.11880313629715	0	0	0	0	0	0	order	347
51	0.779815104545775	0.782260536428519	0.779815104545775	0.782260536428519	0.999973934545156	0.999967479851596	0.999738233525923	0.999679182216246	0.140919227032381	0.541648050838847	0.140919227032381	0.541648050838847	0.999766010795682	0.440416623370747	0.999766010795682	0.440416623370747	0	0	0	0	0	0	0	0	0	0	0	0	0.779815104545775	0.782260536428519	0.779815104545775	0.782260536428519	0.246033075767518	0.4821525304521	0.246033075767518	0.4821525304521	0.875163376657173	0.876731720614579	0.875163376657173	0.876731720614579	0.000105843888991	0.000148738819885	0.000105843888991	0.000148738819885	0.779897203099031	0.782375955362734	0.779897203099031	0.782375955362734	0.999894156111009	0.999851261180115	0.999894156111009	0.999851261180115	1.00086164040419	1.00109216066062	0.999886335867623	0.999858878453609	short reads	0.081158097630564	0.15385641750426	0.081158097630564	0.15385641750426	0.000125582124934	0.135157169071853	0.000125582124934	0.135157169071853	Ganon	1.14989566415219	1.11880313629715	1.14989566415219	1.11880313629715	0	0	0	0	0	0	phylum	345
52	0.699164373070682	0.700181549487168	0.699164373070682	0.700181549487168	0.968698521873158	0.96609755887777	0.967408504769311	0.964117360013172	0.012791678842117	0.410870057241376	0.012791678842117	0.410870057241376	0.430240477320032	0.026957629824349	0.430240477320032	0.026957629824349	0	0	0	0	0	0	0	0	0	0	0	0	0.699164373070682	0.700181549487168	0.699164373070682	0.700181549487168	0.024803577249729	0.050572736634216	0.024803577249729	0.050572736634216	0.79321176876049	0.790941358765097	0.79321176876049	0.790941358765097	0.079840262206903	0.087641648868584	0.079840262206903	0.087641648868584	0.755526125801255	0.763098629188308	0.755526125801255	0.763098629188308	0.920159737793097	0.912358351131416	0.920159737793097	0.912358351131416	0.991166456774354	0.991638189916676	0.988543666460551	0.987560282776182	short reads	0.00215032205329	0.041583854653352	0.00215032205329	0.041583854653352	0.05152924765846	0.003267687512268	0.05152924765846	0.003267687512268	Ganon	1.14989566415219	1.11880313629715	1.14989566415219	1.11880313629715	0	0	0	0	0	0	species	350
53	0.910897448655221	0.918789430999266	0.910897448655221	0.918789430999266	0.999999429467254	0.999849852243515	0.99999942946718	0.999849852224151	0.049780384665375	0.754958302440404	0.049780384665375	0.754958302440404	0.999996435677373	0.200841638239489	0.999996435677373	0.200841638239489	0	0	0	0	0	0	0	0	0	0	0	0	0.910897448655221	0.918789430999266	0.910897448655221	0.918789430999266	0.094100014309809	0.313904876314773	0.094100014309809	0.313904876314773	0.950913040794266	0.955115504554795	0.950913040794266	0.955115504554795	3.6391713748294E-07	0.000202122916287	3.6391713748294E-07	0.000202122916287	0.910897766006949	0.918967608729664	0.910897766006949	0.918967608729664	0.999999636082862	0.999797877083713	0.999999636082862	0.999797877083713	0.999999722740417	0.999926514842244	0.999999722740389	0.999926514834409	short reads	0.016446788792129	0.064190149529561	0.016446788792129	0.064190149529561	3.42473599835661E-06	0.031300336876589	3.42473599835661E-06	0.031300336876589	Ganon	1.14989566415219	1.11880313629715	1.14989566415219	1.11880313629715	0	0	0	0	0	0	strain	351
54	0.782333103112005	0.782346271374314	0.782333103112005	0.782346271374314	0.999968697260656	0.99996729961315	0	0.140711791703671	0.209123579072289	0.350361120695709	0.209123579072289	0.350361120695709	0.999834623890569	0.670505089613706	0.999834623890569	0.670505089613706	0	0	0	0	0	0	0	0	0	0	0	0	0.782333103112005	0.782346271374314	0.782333103112005	0.782346271374314	0.345669836390519	0.458729423227618	0.345669836390519	0.458729423227618	0.876769750832719	0.876775102983821	0.876769750832719	0.876775102983821	0.000165376109431	0.000173203869147	0.000165376109431	0.000173203869147	0.782461714979682	0.782480845374774	0.782461714979682	0.782480845374774	0.999834623890569	0.999826796130853	0.999834623890569	0.999826796130853	1.00290510162638	1.002962395774	0.999669302931369	0.999657366637495	short reads	0.209123579072289	0.271513715662	0.209123579072289	0.271513715662		0.329329534276863		0.329329534276863	Ganon	1.14989566415219	1.11880313629715	1.14989566415219	1.11880313629715	0	0	0	0	0	0	superkingdom	344
63	0.579843511683258	0.582417684246727	0.579843511683258	0.582417684246727	0.978318300319666	0.977559600734605	0.977166465377716	0.976341865802507	0.032569346293155	0.366146106813506	0.032569346293155	0.366146106813506	0.987464499089176	0.12419019728485	0.987464499089176	0.12419019728485	0	0	0	0	0	0	0	0	0	0	0	0	0.579843511683258	0.582417684246727	0.579843511683258	0.582417684246727	0.063018467419462	0.185070411230277	0.063018467419462	0.185070411230277	0.730583533497867	0.73233145905655	0.730583533497867	0.73233145905655	0.010329596476137	0.011329999905027	0.010329596476137	0.011329999905027	0.585799108302808	0.58898954173442	0.585799108302808	0.58898954173442	0.989670403523863	0.988670000094973	0.989670403523863	0.988670000094973	0.992454553516815	0.992298779203012	0.990321740217672	0.99001559369888	short reads	0.015665075127743	0.092315538032031	0.015665075127743	0.092315538032031	0.003723006052827	0.035248107622845	0.003723006052827	0.035248107622845	Kraken cami1	1.90209413101862	1.89102226842548	1.90209413101862	1.89102226842548	0	0	0	0	0	0	class	330
64	0.564990577759009	0.56611923548643	0.564990577759009	0.56611923548643	0.977888656070345	0.972091628894983	0.977378946548843	0.970689083166588	0.024310791155535	0.32835642407761	0.024310791155535	0.32835642407761	0.740429615725648	0.068074041826762	0.740429615725648	0.068074041826762	0	0	0	0	0	0	0	0	0	0	0	0	0.564990577759009	0.56611923548643	0.564990577759009	0.56611923548643	0.047003401138928	0.112680658450818	0.047003401138928	0.112680658450818	0.715804079355555	0.714664705778106	0.715804079355555	0.714664705778106	0.020918420197357	0.028500983990868	0.020918420197357	0.028500983990868	0.576795865908805	0.582448378099232	0.576795865908805	0.582448378099232	0.979081579802642	0.971499016009132	0.979081579802642	0.971499016009132	0.992240658851499	0.991416799971841	0.99128645681128	0.988769772697107	short reads	0.0065265076923	0.052241320193638	0.0065265076923	0.052241320193638	0.076255917004014	0.011922271057536	0.076255917004014	0.011922271057536	Kraken cami1	1.90209413101862	1.89102226842548	1.90209413101862	1.89102226842548	0	0	0	0	0	0	family	332
65	0.566409153918814	0.566768571706547	0.566409153918814	0.566768571706547	0.977627696983171	0.971199779908902	0.977050409192943	0.970108885672952	0.01713276184987	0.294213073446317	0.01713276184987	0.294213073446317	0.390336966017933	0.031445415586886	0.390336966017933	0.031445415586886	0	0	0	0	0	0	0	0	0	0	0	0	0.566409153918814	0.566768571706547	0.566409153918814	0.566768571706547	0.032720926163847	0.056796810979872	0.032720926163847	0.056796810979872	0.713950268790855	0.711765375751925	0.713950268790855	0.711765375751925	0.031964019260688	0.040973094886041	0.031964019260688	0.040973094886041	0.584603224955172	0.590463873801428	0.584603224955172	0.590463873801428	0.968035980739313	0.95902690511396	0.968035980739313	0.95902690511396	0.992883164269491	0.991261596897628	0.99182854256772	0.989234735892939	short reads	0.003323659758012	0.041045549703533	0.003323659758012	0.041045549703533	0.05237127758166	0.004667773485534	0.05237127758166	0.004667773485534	Kraken cami1	1.90209413101862	1.89102226842548	1.90209413101862	1.89102226842548	0	0	0	0	0	0	genus	333
66	0.572377082608486	0.573826902243831	0.572377082608486	0.573826902243831	0.982689990671851	0.97643801940368	0.98218816991314	0.9750025045679	0.030949243232894	0.332050592572963	0.030949243232894	0.332050592572963	0.823582070124771	0.094482043161196	0.823582070124771	0.094482043161196	0	0	0	0	0	0	0	0	0	0	0	0	0.572377082608486	0.573826902243831	0.572377082608486	0.573826902243831	0.059468487799008	0.146964975323787	0.059468487799008	0.146964975323787	0.724618874020973	0.723956385968198	0.724618874020973	0.723956385968198	0.010238708045165	0.016988344099391	0.010238708045165	0.016988344099391	0.578165388716931	0.583599555751162	0.578165388716931	0.583599555751162	0.989761291954835	0.98301165590061	0.989761291954835	0.98301165590061	0.993620245931471	0.992447756255972	0.992684628199272	0.989749566555681	short reads	0.010563516333709	0.06355222264991	0.010563516333709	0.06355222264991	0.073171554197428	0.02014732953606	0.073171554197428	0.02014732953606	Kraken cami1	1.90209413101862	1.89102226842548	1.90209413101862	1.89102226842548	0	0	0	0	0	0	order	331
67	0.582540833112361	0.585297126674623	0.582540833112361	0.585297126674623	0.992373946080889	0.991108208485404	0.99168983031503	0.990328382818552	0.030131045685677	0.350418355142436	0.030131045685677	0.350418355142436	0.996329416219624	0.125913517304946	0.996329416219624	0.125913517304946	0	0	0	0	0	0	0	0	0	0	0	0	0.582540833112361	0.585297126674623	0.582540833112361	0.585297126674623	0.058482183468446	0.184724234162727	0.058482183468446	0.184724234162727	0.735038117162079	0.737001620505215	0.735038117162079	0.737001620505215	0.001852280783719	0.002648744018881	0.001852280783719	0.002648744018881	0.583608204517002	0.586833646681555	0.583608204517002	0.586833646681555	0.998147719216281	0.997351255981119	0.998147719216281	0.997351255981119	0.997513332218225	0.997075654548641	0.996413263412008	0.995798117312696	short reads	0.021182457348264	0.124975858058822	0.021182457348264	0.124975858058822	0.002808508623434	0.049392019677984	0.002808508623434	0.049392019677984	Kraken cami1	1.90209413101862	1.89102226842548	1.90209413101862	1.89102226842548	0	0	0	0	0	0	phylum	329
68	0.30560344877907	0.305615816544838	0.30560344877907	0.305615816544838	0.736443038920585	0.732000998668328	0.736442899197344	0.732000856147683	0.007641593221065	0.212540915838541	0.007641593221065	0.212540915838541	0.054247700149211	0.008570375484326	0.054247700149211	0.008570375484326	0	0	0	0	0	0	0	0	0	0	0	0	0.30560344877907	0.305615816544838	0.30560344877907	0.305615816544838	0.013323614792174	0.016471543963821	0.013323614792174	0.016471543963821	0.405913554382719	0.404562737658472	0.405913554382719	0.404562737658472	0.391771895971258	0.397820097976891	0.391771895971258	0.397820097976891	0.498894395786207	0.503924733183657	0.498894395786207	0.503924733183657	0.608228104028742	0.602179902023109	0.608228104028742	0.602179902023109	0.927903398719867	0.927382357773731	0.927903392852603	0.927382351926567	short reads	0.001443234301998	0.035067697712084	0.001443234301998	0.035067697712084	0.00975504337018	0.001499995693461	0.00975504337018	0.001499995693461	Kraken cami1	1.90209413101862	1.89102226842548	1.90209413101862	1.89102226842548	0	0	0	0	0	0	species	334
69	0.355085792371526	0.35545453354604	0.355085792371526	0.35545453354604	0.990810645033815	0.979500650021477	0.990810641261803	0.979500644490812	0.00957784426156	0.395947259418294	0.00957784426156	0.395947259418294	0.406822650820424	0.016136111512853	0.406822650820424	0.016136111512853	0	0	0	0	0	0	0	0	0	0	0	0	0.355085792371526	0.35545453354604	0.355085792371526	0.35545453354604	0.018594226782998	0.030924453206067	0.018594226782998	0.030924453206067	0.502273342260647	0.501345631144761	0.502273342260647	0.501345631144761	0.057269282023122	0.065768210062974	0.057269282023122	0.065768210062974	0.372106968734644	0.375798903814585	0.372106968734644	0.375798903814585	0.942730717976878	0.934231789937026	0.942730717976878	0.934231789937026	0.99640946085029	0.993167238845054	0.996409459396757	0.993167236493383	short reads	0.00281849398759	0.081647177995101	0.00281849398759	0.081647177995101	0.103321380760098	0.003822809014245	0.103321380760098	0.003822809014245	Kraken cami1	1.90209413101862	1.89102226842548	1.90209413101862	1.89102226842548	0	0	0	0	0	0	strain	335
70	0.5868644416547	0.587000289624261	0.5868644416547	0.587000289624261	0.190463725244781	0.703690507117958	0	0.632409909032464	0.156866969293421	0.284867243606359	0.156866969293421	0.284867243606359	0.999830164696066	0.504459425085394	0.999830164696066	0.504459425085394	0	0	0	0	0	0	0	0	0	0	0	0	0.5868644416547	0.587000289624261	0.5868644416547	0.587000289624261	0.27106465034757	0.360669561525497	0.27106465034757	0.360669561525497	0.738924183526811	0.739004389746818	0.738924183526811	0.739004389746818	0.000169835303934	0.000272666406927	0.000169835303934	0.000272666406927	0.586963589415474	0.587159596244718	0.586963589415474	0.587159596244718	0.999830164696066	0.999727333593073	0.999830164696066	0.999727333593073	0.999788493981005	0.999670373875209	0.999660387341043	0.999460142865081	short reads	0.156866969293421	0.220041084692906	0.156866969293421	0.220041084692906		0.24069020590801		0.24069020590801	Kraken cami1	1.90209413101862	1.89102226842548	1.90209413101862	1.89102226842548	0	0	0	0	0	0	superkingdom	328
71	0.660690454460871	0.66218230308504	0.660690454460871	0.66218230308504	0.968045428685754	0.966229610255321	0.933323989517717	0.929150254876052	0.037126165387506	0.400984772426237	0.037126165387506	0.400984772426237	0.965480677373964	0.100006296376109	0.965480677373964	0.100006296376109	0	0	0	0	0	0	0	0	0	0	0	0	0.660690454460871	0.66218230308504	0.660690454460871	0.66218230308504	0.071472481063997	0.159871550369214	0.071472481063997	0.159871550369214	0.785820489275482	0.785272415515939	0.785820489275482	0.785272415515939	0.0295010206975	0.03439058679036	0.0295010206975	0.03439058679036	0.680564319493438	0.685546047286175	0.680564319493438	0.685546047286175	0.9704989793025	0.96560941320964	0.9704989793025	0.96560941320964	1.04283463999031	1.0472157530519	0.972135608109996	0.970545684915185	short reads	0.017012577344112	0.095642406561727	0.017012577344112	0.095642406561727	0.008104204897985	0.030113719626846	0.008104204897985	0.030113719626846	Kraken	1.75410506139372	1.74889085365063	1.75410506139372	1.74889085365063	0	0	0	0	0	0	class	338
72	0.635620349141862	0.635961820323746	0.635620349141862	0.635961820323746	0.969852721161772	0.96619718204667	0.946176613159859	0.939108231453015	0.034899530123539	0.359165370027504	0.034899530123539	0.359165370027504	0.38305186040203	0.047604653245944	0.38305186040203	0.047604653245944	0	0	0	0	0	0	0	0	0	0	0	0	0.635620349141862	0.635961820323746	0.635620349141862	0.635961820323746	0.063674351165981	0.083984486021614	0.063674351165981	0.083984486021614	0.761627573211876	0.759010762913833	0.761627573211876	0.759010762913833	0.048898301837177	0.05776383063941	0.048898301837177	0.05776383063941	0.667916730678099	0.674558958670774	0.667916730678099	0.674558958670774	0.951101698162823	0.94223616936059	0.951101698162823	0.94223616936059	1.02842888751631	1.03398455806085	0.980185701869903	0.977709652607837	short reads	0.007644415114741	0.053473122454941	0.007644415114741	0.053473122454941	0.062513424160004	0.008895304132356	0.062513424160004	0.008895304132356	Kraken	1.75410506139372	1.74889085365063	1.75410506139372	1.74889085365063	0	0	0	0	0	0	family	340
73	0.630595154695026	0.63064057201996	0.630595154695026	0.63064057201996	0.96687246902016	0.962727925089252	0.951210979665663	0.94462046217235	0.019759316436603	0.320553698648095	0.019759316436603	0.320553698648095	0.169418587297955	0.021730795469444	0.169418587297955	0.021730795469444	0	0	0	0	0	0	0	0	0	0	0	0	0.630595154695026	0.63064057201996	0.630595154695026	0.63064057201996	0.035117931300277	0.040687466481726	0.035117931300277	0.040687466481726	0.754816710396385	0.751834003106865	0.754816710396385	0.751834003106865	0.058819945034734	0.06813278940628	0.058819945034734	0.06813278940628	0.669479992217372	0.676219126557777	0.669479992217372	0.676219126557777	0.941180054965266	0.93186721059372	0.941180054965266	0.93186721059372	1.01366822205127	1.01687387296895	0.982706155497145	0.980396826598143	short reads	0.003356124367838	0.042100079924736	0.003356124367838	0.042100079924736	0.024856581723298	0.003371805521659	0.024856581723298	0.003371805521659	Kraken	1.75410506139372	1.74889085365063	1.75410506139372	1.74889085365063	0	0	0	0	0	0	genus	341
74	0.648045719993024	0.648755349969522	0.648045719993024	0.648755349969522	0.972491041920361	0.96855040872387	0.945813042278905	0.93738418306796	0.045238322540421	0.365053249299877	0.045238322540421	0.365053249299877	0.48822326607788	0.069868305724279	0.48822326607788	0.069868305724279	0	0	0	0	0	0	0	0	0	0	0	0	0.648045719993024	0.648755349969522	0.648045719993024	0.648755349969522	0.082574299287009	0.117142963233326	0.082574299287009	0.117142963233326	0.77495390252682	0.772771174375215	0.77495390252682	0.772771174375215	0.035241541097359	0.043523700301192	0.035241541097359	0.043523700301192	0.671467448657703	0.67801481653323	0.671467448657703	0.67801481653323	0.964758458902642	0.956476299698808	0.964758458902642	0.956476299698808	1.03242718026486	1.03955275725493	0.978301612286676	0.975033217910191	short reads	0.012731576569512	0.064941206287969	0.012731576569512	0.064941206287969	0.094681324513925	0.01613347290487	0.094681324513925	0.01613347290487	Kraken	1.75410506139372	1.74889085365063	1.75410506139372	1.74889085365063	0	0	0	0	0	0	order	339
75	0.672072611491044	0.673507527911404	0.672072611491044	0.673507527911404	0.989071782049053	0.987909881953076	0.942617345654844	0.936688222723376	0.035207721721053	0.386119885330961	0.035207721721053	0.386119885330961	0.969781995730421	0.095294305344293	0.969781995730421	0.095294305344293	0	0	0	0	0	0	0	0	0	0	0	0	0.672072611491044	0.673507527911404	0.672072611491044	0.673507527911404	0.067922945207037	0.152473224414051	0.067922945207037	0.152473224414051	0.799183169246755	0.798875826454534	0.799183169246755	0.798875826454534	0.01335508789251	0.017405973540605	0.01335508789251	0.017405973540605	0.681099493818504	0.68535371562136	0.681099493818504	0.68535371562136	0.98664491210749	0.982594026459395	0.98664491210749	0.982594026459395	1.04029167072318	1.04631404904744	0.975022122708658	0.972205293631936	short reads	0.02285166108898	0.131023060239615	0.02285166108898	0.131023060239615	0.018738698388118	0.04018072018904	0.018738698388118	0.04018072018904	Kraken	1.75410506139372	1.74889085365063	1.75410506139372	1.74889085365063	0	0	0	0	0	0	phylum	337
76	0.320473279862334	0.320476854461805	0.320473279862334	0.320476854461805	0.717290001611757	0.713618582505951	0.717289849211276	0.713618427535144	0.006331409749981	0.219146641880443	0.006331409749981	0.219146641880443	0.026713184345584	0.00586058148288	0.026713184345584	0.00586058148288	0	0	0	0	0	0	0	0	0	0	0	0	0.320473279862334	0.320476854461805	0.320473279862334	0.320476854461805	0.010162522436835	0.011413458727657	0.010162522436835	0.011413458727657	0.412846546930326	0.41137554476805	0.412846546930326	0.41137554476805	0.417410788661033	0.42322697684295	0.417410788661033	0.42322697684295	0.546279485685889	0.551794257948619	0.546279485685889	0.551794257948619	0.582589211338967	0.57677302315705	0.582589211338967	0.57677302315705	0.92733257014761	0.927125610700335	0.927332564836743	0.927125605431119	short reads	0.001174101644334	0.035836333732516	0.001174101644334	0.035836333732516	0.004826229021726	0.001037877491301	0.004826229021726	0.001037877491301	Kraken	1.75410506139372	1.74889085365063	1.75410506139372	1.74889085365063	0	0	0	0	0	0	species	342
77	0.356886387436986	0.357076094372106	0.356886387436986	0.357076094372106	0.985042235127984	0.9730406153936	0.985042230281713	0.973040608684831	0.00846419061492	0.40017627079799	0.00846419061492	0.40017627079799	0.304488330386169	0.01230751444576	0.304488330386169	0.01230751444576	0	0	0	0	0	0	0	0	0	0	0	0	0.356886387436986	0.357076094372106	0.356886387436986	0.357076094372106	0.016345582628476	0.023834345358016	0.016345582628476	0.023834345358016	0.503460304141928	0.502265559167435	0.503460304141928	0.502265559167435	0.062551227908183	0.071462844122308	0.062551227908183	0.071462844122308	0.375800163157602	0.379549615024107	0.375800163157602	0.379549615024107	0.937448772091817	0.928537155877692	0.937448772091817	0.928537155877692	0.994620783306055	0.991125393445605	0.994620781283239	0.991125390535956	short reads	0.002371229239739	0.08246213391029	0.002371229239739	0.08246213391029	0.077648615105862	0.002930075279583	0.077648615105862	0.002930075279583	Kraken	1.75410506139372	1.74889085365063	1.75410506139372	1.74889085365063	0	0	0	0	0	0	strain	343
78	0.685365157001198	0.685999744352159	0.685365157001198	0.685999744352159	0.99941794087282	0.999080982505555	3.66693427382083E-15	0.443544201540016	0.183198993068265	0.320228139492645	0.183198993068265	0.320228139492645	0.998444055984545	0.434796989685513	0.998444055984545	0.434796989685513	0	0	0	0	0	0	0	0	0	0	0	0	0.685365157001198	0.685999744352159	0.685365157001198	0.685999744352159	0.309528457451481	0.363356953586536	0.309528457451481	0.363356953586536	0.812467574635816	0.812597858857132	0.812467574635816	0.812597858857132	0.001555944015455	0.002515291133231	0.001555944015455	0.002515291133231	0.686430439798629	0.687723702395335	0.686430439798629	0.687723702395335	0.998444055984545	0.997484708866769	0.998444055984545	0.997484708866769	1.0053897497547	1.00854626500873	0.996892962385512	0.995100458664501	short reads	0.183198993068265	0.244326809364537	0.183198993068265	0.244326809364537		0.247707036069959		0.247707036069959	Kraken	1.75410506139372	1.74889085365063	1.75410506139372	1.74889085365063	0	0	0	0	0	0	superkingdom	336
